"Cp0","Mach0","Points:0","Points:1","Points:2","T","U:0","U:1","U:2","alphat","betaFINuTilda","nuTilda","nut","p","pseudoCoField","rho"
-1.1761508332e+00,0.0000000000e+00,2.9640007019e-01,5.8990519494e-02,0.0000000000e+00,3.0824365234e+02,0.0000000000e+00,0.0000000000e+00,0.0000000000e+00,9.9999998245e-15,1.0000000000e+00,1.0000000169e-16,0.0000000000e+00,2.1928220703e+04,1.0000000000e+01,2.4783504009e-01
-1.1775291124e+00,0.0000000000e+00,3.0134627223e-01,5.9254873544e-02,0.0000000000e+00,3.0822210693e+02,0.0000000000e+00,0.0000000000e+00,0.0000000000e+00,9.9999998245e-15,1.0000000000e+00,1.0000000169e-16,0.0000000000e+00,2.1908203125e+04,1.0000000000e+01,2.4762609601e-01
-1.1775291124e+00,0.0000000000e+00,3.0134627223e-01,5.9254873544e-02,9.9999997765e-03,3.0822210693e+02,0.0000000000e+00,0.0000000000e+00,0.0000000000e+00,9.9999998245e-15,1.0000000000e+00,1.0000000169e-16,0.0000000000e+00,2.1908203125e+04,1.0000000000e+01,2.4762609601e-01
-1.1761508332e+00,0.0000000000e+00,2.9640007019e-01,5.8990519494e-02,9.9999997765e-03,3.0824365234e+02,0.0000000000e+00,0.0000000000e+00,0.0000000000e+00,9.9999998245e-15,1.0000000000e+00,1.0000000169e-16,0.0000000000e+00,2.1928220703e+04,1.0000000000e+01,2.4783504009e-01
-1.1793330654e+00,0.0000000000e+00,3.0634215474e-01,5.9513024986e-02,0.0000000000e+00,3.0819659424e+02,0.0000000000e+00,0.0000000000e+00,0.0000000000e+00,9.9999998245e-15,1.0000000000e+00,1.0000000169e-16,0.0000000000e+00,2.1882000000e+04,1.0000000000e+01,2.4735039473e-01
-1.1793330654e+00,0.0000000000e+00,3.0634215474e-01,5.9513024986e-02,9.9999997765e-03,3.0819659424e+02,0.0000000000e+00,0.0000000000e+00,0.0000000000e+00,9.9999998245e-15,1.0000000000e+00,1.0000000169e-16,0.0000000000e+00,2.1882000000e+04,1.0000000000e+01,2.4735039473e-01
-1.1814284882e+00,0.0000000000e+00,3.1138834357e-01,5.9762950987e-02,0.0000000000e+00,3.0816406250e+02,0.0000000000e+00,0.0000000000e+00,0.0000000000e+00,9.9999998245e-15,1.0000000000e+00,1.0000000169e-16,0.0000000000e+00,2.1851566406e+04,1.0000000000e+01,2.4703246355e-01
-1.1814284882e+00,0.0000000000e+00,3.1138834357e-01,5.9762950987e-02,9.9999997765e-03,3.0816406250e+02,0.0000000000e+00,0.0000000000e+00,0.0000000000e+00,9.9999998245e-15,1.0000000000e+00,1.0000000169e-16,0.0000000000e+00,2.1851566406e+04,1.0000000000e+01,2.4703246355e-01
-1.1834101470e+00,0.0000000000e+00,3.1648570299e-01,6.0005020350e-02,0.0000000000e+00,3.0813604736e+02,0.0000000000e+00,0.0000000000e+00,0.0000000000e+00,9.9999998245e-15,1.0000000000e+00,1.0000000169e-16,0.0000000000e+00,2.1822785156e+04,1.0000000000e+01,2.4672949314e-01
-1.1834101470e+00,0.0000000000e+00,3.1648570299e-01,6.0005020350e-02,9.9999997765e-03,3.0813604736e+02,0.0000000000e+00,0.0000000000e+00,0.0000000000e+00,9.9999998245e-15,1.0000000000e+00,1.0000000169e-16,0.0000000000e+00,2.1822785156e+04,1.0000000000e+01,2.4672949314e-01
-1.1854616644e+00,0.0000000000e+00,3.2163453102e-01,6.0238972306e-02,0.0000000000e+00,3.0810711670e+02,0.0000000000e+00,0.0000000000e+00,0.0000000000e+00,9.9999998245e-15,1.0000000000e+00,1.0000000169e-16,0.0000000000e+00,2.1792988281e+04,1.0000000000e+01,2.4641573429e-01
-1.1854616644e+00,0.0000000000e+00,3.2163453102e-01,6.0238972306e-02,9.9999997765e-03,3.0810711670e+02,0.0000000000e+00,0.0000000000e+00,0.0000000000e+00,9.9999998245e-15,1.0000000000e+00,1.0000000169e-16,0.0000000000e+00,2.1792988281e+04,1.0000000000e+01,2.4641573429e-01
-1.1875782667e+00,0.0000000000e+00,3.2683533430e-01,6.0464564711e-02,0.0000000000e+00,3.0807775879e+02,0.0000000000e+00,0.0000000000e+00,0.0000000000e+00,9.9999998245e-15,1.0000000000e+00,1.0000000169e-16,0.0000000000e+00,2.1762246094e+04,1.0000000000e+01,2.4609155953e-01
-1.1875782667e+00,0.0000000000e+00,3.2683533430e-01,6.0464564711e-02,9.9999997765e-03,3.0807775879e+02,0.0000000000e+00,0.0000000000e+00,0.0000000000e+00,9.9999998245e-15,1.0000000000e+00,1.0000000169e-16,0.0000000000e+00,2.1762246094e+04,1.0000000000e+01,2.4609155953e-01
-1.1897479857e+00,0.0000000000e+00,3.3208858967e-01,6.0681540519e-02,0.0000000000e+00,3.0804815674e+02,0.0000000000e+00,0.0000000000e+00,0.0000000000e+00,9.9999998245e-15,1.0000000000e+00,1.0000000169e-16,0.0000000000e+00,2.1730730469e+04,1.0000000000e+01,2.4575883150e-01
-1.1897479857e+00,0.0000000000e+00,3.3208858967e-01,6.0681540519e-02,9.9999997765e-03,3.0804815674e+02,0.0000000000e+00,0.0000000000e+00,0.0000000000e+00,9.9999998245e-15,1.0000000000e+00,1.0000000169e-16,0.0000000000e+00,2.1730730469e+04,1.0000000000e+01,2.4575883150e-01
-1.1919587189e+00,0.0000000000e+00,3.3739483356e-01,6.0889650136e-02,0.0000000000e+00,3.0801837158e+02,0.0000000000e+00,0.0000000000e+00,0.0000000000e+00,9.9999998245e-15,1.0000000000e+00,1.0000000169e-16,0.0000000000e+00,2.1698621094e+04,1.0000000000e+01,2.4541944265e-01
-1.1919587189e+00,0.0000000000e+00,3.3739483356e-01,6.0889650136e-02,9.9999997765e-03,3.0801837158e+02,0.0000000000e+00,0.0000000000e+00,0.0000000000e+00,9.9999998245e-15,1.0000000000e+00,1.0000000169e-16,0.0000000000e+00,2.1698621094e+04,1.0000000000e+01,2.4541944265e-01
-1.1942064322e+00,0.0000000000e+00,3.4275454283e-01,6.1088658869e-02,0.0000000000e+00,3.0798849487e+02,0.0000000000e+00,0.0000000000e+00,0.0000000000e+00,9.9999998245e-15,1.0000000000e+00,1.0000000169e-16,0.0000000000e+00,2.1665976562e+04,1.0000000000e+01,2.4507394433e-01
-1.1942064322e+00,0.0000000000e+00,3.4275454283e-01,6.1088658869e-02,9.9999997765e-03,3.0798849487e+02,0.0000000000e+00,0.0000000000e+00,0.0000000000e+00,9.9999998245e-15,1.0000000000e+00,1.0000000169e-16,0.0000000000e+00,2.1665976562e+04,1.0000000000e+01,2.4507394433e-01
-1.1964909910e+00,0.0000000000e+00,3.4816828370e-01,6.1278313398e-02,0.0000000000e+00,3.0795843506e+02,0.0000000000e+00,0.0000000000e+00,0.0000000000e+00,9.9999998245e-15,1.0000000000e+00,1.0000000169e-16,0.0000000000e+00,2.1632792969e+04,1.0000000000e+01,2.4472248554e-01
-1.1964909910e+00,0.0000000000e+00,3.4816828370e-01,6.1278313398e-02,9.9999997765e-03,3.0795843506e+02,0.0000000000e+00,0.0000000000e+00,0.0000000000e+00,9.9999998245e-15,1.0000000000e+00,1.0000000169e-16,0.0000000000e+00,2.1632792969e+04,1.0000000000e+01,2.4472248554e-01
-1.1988093026e+00,0.0000000000e+00,3.5363656282e-01,6.1458356678e-02,0.0000000000e+00,3.0792825317e+02,0.0000000000e+00,0.0000000000e+00,0.0000000000e+00,9.9999998245e-15,1.0000000000e+00,1.0000000169e-16,0.0000000000e+00,2.1599121094e+04,1.0000000000e+01,2.4436551332e-01
-1.1988093026e+00,0.0000000000e+00,3.5363656282e-01,6.1458356678e-02,9.9999997765e-03,3.0792825317e+02,0.0000000000e+00,0.0000000000e+00,0.0000000000e+00,9.9999998245e-15,1.0000000000e+00,1.0000000169e-16,0.0000000000e+00,2.1599121094e+04,1.0000000000e+01,2.4436551332e-01
-1.2011650647e+00,0.0000000000e+00,3.5915985703e-01,6.1628542840e-02,0.0000000000e+00,3.0789788818e+02,0.0000000000e+00,0.0000000000e+00,0.0000000000e+00,9.9999998245e-15,1.0000000000e+00,1.0000000169e-16,0.0000000000e+00,2.1564906250e+04,1.0000000000e+01,2.4400246143e-01
-1.2011650647e+00,0.0000000000e+00,3.5915985703e-01,6.1628542840e-02,9.9999997765e-03,3.0789788818e+02,0.0000000000e+00,0.0000000000e+00,0.0000000000e+00,9.9999998245e-15,1.0000000000e+00,1.0000000169e-16,0.0000000000e+00,2.1564906250e+04,1.0000000000e+01,2.4400246143e-01
-1.2035660098e+00,0.0000000000e+00,3.6473876238e-01,6.1788596213e-02,0.0000000000e+00,3.0786730957e+02,0.0000000000e+00,0.0000000000e+00,0.0000000000e+00,9.9999998245e-15,1.0000000000e+00,1.0000000169e-16,0.0000000000e+00,2.1530035156e+04,1.0000000000e+01,2.4363209307e-01
-1.2035660098e+00,0.0000000000e+00,3.6473876238e-01,6.1788596213e-02,9.9999997765e-03,3.0786730957e+02,0.0000000000e+00,0.0000000000e+00,0.0000000000e+00,9.9999998245e-15,1.0000000000e+00,1.0000000169e-16,0.0000000000e+00,2.1530035156e+04,1.0000000000e+01,2.4363209307e-01
-1.2060130790e+00,0.0000000000e+00,3.7037378550e-01,6.1938222498e-02,0.0000000000e+00,3.0783642578e+02,0.0000000000e+00,0.0000000000e+00,0.0000000000e+00,9.9999998245e-15,1.0000000000e+00,1.0000000169e-16,0.0000000000e+00,2.1494492188e+04,1.0000000000e+01,2.4325431883e-01
-1.2060130790e+00,0.0000000000e+00,3.7037378550e-01,6.1938222498e-02,9.9999997765e-03,3.0783642578e+02,0.0000000000e+00,0.0000000000e+00,0.0000000000e+00,9.9999998245e-15,1.0000000000e+00,1.0000000169e-16,0.0000000000e+00,2.1494492188e+04,1.0000000000e+01,2.4325431883e-01
-1.2084978007e+00,0.0000000000e+00,3.7606546283e-01,6.2077112496e-02,0.0000000000e+00,3.0780526733e+02,0.0000000000e+00,0.0000000000e+00,0.0000000000e+00,9.9999998245e-15,1.0000000000e+00,1.0000000169e-16,0.0000000000e+00,2.1458402344e+04,1.0000000000e+01,2.4287046492e-01
-1.2084978007e+00,0.0000000000e+00,3.7606546283e-01,6.2077112496e-02,9.9999997765e-03,3.0780526733e+02,0.0000000000e+00,0.0000000000e+00,0.0000000000e+00,9.9999998245e-15,1.0000000000e+00,1.0000000169e-16,0.0000000000e+00,2.1458402344e+04,1.0000000000e+01,2.4287046492e-01
-1.2110110305e+00,0.0000000000e+00,3.8181436062e-01,6.2204964459e-02,0.0000000000e+00,3.0777395630e+02,0.0000000000e+00,0.0000000000e+00,0.0000000000e+00,9.9999998245e-15,1.0000000000e+00,1.0000000169e-16,0.0000000000e+00,2.1421900391e+04,1.0000000000e+01,2.4248197675e-01
-1.2110110305e+00,0.0000000000e+00,3.8181436062e-01,6.2204964459e-02,9.9999997765e-03,3.0777395630e+02,0.0000000000e+00,0.0000000000e+00,0.0000000000e+00,9.9999998245e-15,1.0000000000e+00,1.0000000169e-16,0.0000000000e+00,2.1421900391e+04,1.0000000000e+01,2.4248197675e-01
-1.2135481966e+00,0.0000000000e+00,3.8762101531e-01,6.2321480364e-02,0.0000000000e+00,3.0774249268e+02,0.0000000000e+00,0.0000000000e+00,0.0000000000e+00,9.9999998245e-15,1.0000000000e+00,1.0000000169e-16,0.0000000000e+00,2.1385050781e+04,1.0000000000e+01,2.4208959937e-01
-1.2135481966e+00,0.0000000000e+00,3.8762101531e-01,6.2321480364e-02,9.9999997765e-03,3.0774249268e+02,0.0000000000e+00,0.0000000000e+00,0.0000000000e+00,9.9999998245e-15,1.0000000000e+00,1.0000000169e-16,0.0000000000e+00,2.1385050781e+04,1.0000000000e+01,2.4208959937e-01
-1.2161096349e+00,0.0000000000e+00,3.9348596334e-01,6.2426362187e-02,0.0000000000e+00,3.0771093750e+02,0.0000000000e+00,0.0000000000e+00,0.0000000000e+00,9.9999998245e-15,1.0000000000e+00,1.0000000169e-16,0.0000000000e+00,2.1347847656e+04,1.0000000000e+01,2.4169322848e-01
-1.2161096349e+00,0.0000000000e+00,3.9348596334e-01,6.2426362187e-02,9.9999997765e-03,3.0771093750e+02,0.0000000000e+00,0.0000000000e+00,0.0000000000e+00,9.9999998245e-15,1.0000000000e+00,1.0000000169e-16,0.0000000000e+00,2.1347847656e+04,1.0000000000e+01,2.4169322848e-01
-1.2187030106e+00,0.0000000000e+00,3.9940980077e-01,6.2519297004e-02,0.0000000000e+00,3.0767913818e+02,0.0000000000e+00,0.0000000000e+00,0.0000000000e+00,9.9999998245e-15,1.0000000000e+00,1.0000000169e-16,0.0000000000e+00,2.1310179688e+04,1.0000000000e+01,2.4129167199e-01
-1.2187030106e+00,0.0000000000e+00,3.9940980077e-01,6.2519297004e-02,9.9999997765e-03,3.0767913818e+02,0.0000000000e+00,0.0000000000e+00,0.0000000000e+00,9.9999998245e-15,1.0000000000e+00,1.0000000169e-16,0.0000000000e+00,2.1310179688e+04,1.0000000000e+01,2.4129167199e-01
-1.2213498392e+00,0.0000000000e+00,4.0539306402e-01,6.2599964440e-02,0.0000000000e+00,3.0764697266e+02,0.0000000000e+00,0.0000000000e+00,0.0000000000e+00,9.9999998245e-15,1.0000000000e+00,1.0000000169e-16,0.0000000000e+00,2.1271736328e+04,1.0000000000e+01,2.4088157713e-01
-1.2213498392e+00,0.0000000000e+00,4.0539306402e-01,6.2599964440e-02,9.9999997765e-03,3.0764697266e+02,0.0000000000e+00,0.0000000000e+00,0.0000000000e+00,9.9999998245e-15,1.0000000000e+00,1.0000000169e-16,0.0000000000e+00,2.1271736328e+04,1.0000000000e+01,2.4088157713e-01
-1.2240778222e+00,0.0000000000e+00,4.1143631935e-01,6.2667988241e-02,0.0000000000e+00,3.0761401367e+02,0.0000000000e+00,0.0000000000e+00,0.0000000000e+00,9.9999998245e-15,1.0000000000e+00,1.0000000169e-16,0.0000000000e+00,2.1232113281e+04,1.0000000000e+01,2.4045865238e-01
-1.2240778222e+00,0.0000000000e+00,4.1143631935e-01,6.2667988241e-02,9.9999997765e-03,3.0761401367e+02,0.0000000000e+00,0.0000000000e+00,0.0000000000e+00,9.9999998245e-15,1.0000000000e+00,1.0000000169e-16,0.0000000000e+00,2.1232113281e+04,1.0000000000e+01,2.4045865238e-01
-1.2269026256e+00,0.0000000000e+00,4.1754013300e-01,6.2722928822e-02,0.0000000000e+00,3.0758007812e+02,0.0000000000e+00,0.0000000000e+00,0.0000000000e+00,9.9999998245e-15,1.0000000000e+00,1.0000000169e-16,0.0000000000e+00,2.1191085938e+04,1.0000000000e+01,2.4002049863e-01
-1.2269026256e+00,0.0000000000e+00,4.1754013300e-01,6.2722928822e-02,9.9999997765e-03,3.0758007812e+02,0.0000000000e+00,0.0000000000e+00,0.0000000000e+00,9.9999998245e-15,1.0000000000e+00,1.0000000169e-16,0.0000000000e+00,2.1191085938e+04,1.0000000000e+01,2.4002049863e-01
-1.2298383019e+00,0.0000000000e+00,4.2370510101e-01,6.2764316797e-02,0.0000000000e+00,3.0754498291e+02,0.0000000000e+00,0.0000000000e+00,0.0000000000e+00,9.9999998245e-15,1.0000000000e+00,1.0000000169e-16,0.0000000000e+00,2.1148447266e+04,1.0000000000e+01,2.3956486583e-01
-1.2298383019e+00,0.0000000000e+00,4.2370510101e-01,6.2764316797e-02,9.9999997765e-03,3.0754498291e+02,0.0000000000e+00,0.0000000000e+00,0.0000000000e+00,9.9999998245e-15,1.0000000000e+00,1.0000000169e-16,0.0000000000e+00,2.1148447266e+04,1.0000000000e+01,2.3956486583e-01
-1.2329194105e+00,0.0000000000e+00,4.2993181944e-01,6.2791667879e-02,0.0000000000e+00,3.0750872803e+02,0.0000000000e+00,0.0000000000e+00,0.0000000000e+00,9.9999998245e-15,1.0000000000e+00,1.0000000169e-16,0.0000000000e+00,2.1103695312e+04,1.0000000000e+01,2.3908612132e-01
-1.2329194105e+00,0.0000000000e+00,4.2993181944e-01,6.2791667879e-02,9.9999997765e-03,3.0750872803e+02,0.0000000000e+00,0.0000000000e+00,0.0000000000e+00,9.9999998245e-15,1.0000000000e+00,1.0000000169e-16,0.0000000000e+00,2.1103695312e+04,1.0000000000e+01,2.3908612132e-01
-1.2361908654e+00,0.0000000000e+00,4.3622082472e-01,6.2804393470e-02,0.0000000000e+00,3.0747045898e+02,0.0000000000e+00,0.0000000000e+00,0.0000000000e+00,9.9999998245e-15,1.0000000000e+00,1.0000000169e-16,0.0000000000e+00,2.1056179688e+04,1.0000000000e+01,2.3857745528e-01
-1.2361908654e+00,0.0000000000e+00,4.3622082472e-01,6.2804393470e-02,9.9999997765e-03,3.0747045898e+02,0.0000000000e+00,0.0000000000e+00,0.0000000000e+00,9.9999998245e-15,1.0000000000e+00,1.0000000169e-16,0.0000000000e+00,2.1056179688e+04,1.0000000000e+01,2.3857745528e-01
-1.2396650380e+00,0.0000000000e+00,4.4257277250e-01,6.2801800668e-02,0.0000000000e+00,3.0743035889e+02,0.0000000000e+00,0.0000000000e+00,0.0000000000e+00,9.9999998245e-15,1.0000000000e+00,1.0000000169e-16,0.0000000000e+00,2.1005720703e+04,1.0000000000e+01,2.3803678155e-01
-1.2396650380e+00,0.0000000000e+00,4.4257277250e-01,6.2801800668e-02,9.9999997765e-03,3.0743035889e+02,0.0000000000e+00,0.0000000000e+00,0.0000000000e+00,9.9999998245e-15,1.0000000000e+00,1.0000000169e-16,0.0000000000e+00,2.1005720703e+04,1.0000000000e+01,2.3803678155e-01
-1.2433448869e+00,0.0000000000e+00,4.4898816943e-01,6.2783166766e-02,0.0000000000e+00,3.0738803101e+02,0.0000000000e+00,0.0000000000e+00,0.0000000000e+00,9.9999998245e-15,1.0000000000e+00,1.0000000169e-16,0.0000000000e+00,2.0952273438e+04,1.0000000000e+01,2.3746378720e-01
-1.2433448869e+00,0.0000000000e+00,4.4898816943e-01,6.2783166766e-02,9.9999997765e-03,3.0738803101e+02,0.0000000000e+00,0.0000000000e+00,0.0000000000e+00,9.9999998245e-15,1.0000000000e+00,1.0000000169e-16,0.0000000000e+00,2.0952273438e+04,1.0000000000e+01,2.3746378720e-01
-1.2472245624e+00,0.0000000000e+00,4.5546767116e-01,6.2747724354e-02,0.0000000000e+00,3.0734411621e+02,0.0000000000e+00,0.0000000000e+00,0.0000000000e+00,9.9999998245e-15,1.0000000000e+00,1.0000000169e-16,0.0000000000e+00,2.0895923828e+04,1.0000000000e+01,2.3685897887e-01
-1.2472245624e+00,0.0000000000e+00,4.5546767116e-01,6.2747724354e-02,9.9999997765e-03,3.0734411621e+02,0.0000000000e+00,0.0000000000e+00,0.0000000000e+00,9.9999998245e-15,1.0000000000e+00,1.0000000169e-16,0.0000000000e+00,2.0895923828e+04,1.0000000000e+01,2.3685897887e-01
-1.2513111916e+00,0.0000000000e+00,4.6201184392e-01,6.2694698572e-02,0.0000000000e+00,3.0729772949e+02,0.0000000000e+00,0.0000000000e+00,0.0000000000e+00,9.9999998245e-15,1.0000000000e+00,1.0000000169e-16,0.0000000000e+00,2.0836568359e+04,1.0000000000e+01,2.3622183502e-01
-1.2513111916e+00,0.0000000000e+00,4.6201184392e-01,6.2694698572e-02,9.9999997765e-03,3.0729772949e+02,0.0000000000e+00,0.0000000000e+00,0.0000000000e+00,9.9999998245e-15,1.0000000000e+00,1.0000000169e-16,0.0000000000e+00,2.0836568359e+04,1.0000000000e+01,2.3622183502e-01
-1.2555966388e+00,0.0000000000e+00,4.6862131357e-01,6.2623254955e-02,0.0000000000e+00,3.0725012207e+02,0.0000000000e+00,0.0000000000e+00,0.0000000000e+00,9.9999998245e-15,1.0000000000e+00,1.0000000169e-16,0.0000000000e+00,2.0774324219e+04,1.0000000000e+01,2.3555266857e-01
-1.2555966388e+00,0.0000000000e+00,4.6862131357e-01,6.2623254955e-02,9.9999997765e-03,3.0725012207e+02,0.0000000000e+00,0.0000000000e+00,0.0000000000e+00,9.9999998245e-15,1.0000000000e+00,1.0000000169e-16,0.0000000000e+00,2.0774324219e+04,1.0000000000e+01,2.3555266857e-01
-1.2601205736e+00,0.0000000000e+00,4.7529661655e-01,6.2532559037e-02,0.0000000000e+00,3.0719915771e+02,0.0000000000e+00,0.0000000000e+00,0.0000000000e+00,9.9999998245e-15,1.0000000000e+00,1.0000000169e-16,0.0000000000e+00,2.0708617188e+04,1.0000000000e+01,2.3484659195e-01
-1.2601205736e+00,0.0000000000e+00,4.7529661655e-01,6.2532559037e-02,9.9999997765e-03,3.0719915771e+02,0.0000000000e+00,0.0000000000e+00,0.0000000000e+00,9.9999998245e-15,1.0000000000e+00,1.0000000169e-16,0.0000000000e+00,2.0708617188e+04,1.0000000000e+01,2.3484659195e-01
-1.2648989310e+00,0.0000000000e+00,4.8203840852e-01,6.2421690673e-02,0.0000000000e+00,3.0714770508e+02,0.0000000000e+00,0.0000000000e+00,0.0000000000e+00,9.9999998245e-15,1.0000000000e+00,1.0000000169e-16,0.0000000000e+00,2.0639214844e+04,1.0000000000e+01,2.3409873247e-01
-1.2648989310e+00,0.0000000000e+00,4.8203840852e-01,6.2421690673e-02,9.9999997765e-03,3.0714770508e+02,0.0000000000e+00,0.0000000000e+00,0.0000000000e+00,9.9999998245e-15,1.0000000000e+00,1.0000000169e-16,0.0000000000e+00,2.0639214844e+04,1.0000000000e+01,2.3409873247e-01
-1.2700394236e+00,0.0000000000e+00,4.8884725571e-01,6.2289703637e-02,0.0000000000e+00,3.0709320068e+02,0.0000000000e+00,0.0000000000e+00,0.0000000000e+00,9.9999998245e-15,1.0000000000e+00,1.0000000169e-16,0.0000000000e+00,2.0564554688e+04,1.0000000000e+01,2.3329326510e-01
-1.2700394236e+00,0.0000000000e+00,4.8884725571e-01,6.2289703637e-02,9.9999997765e-03,3.0709320068e+02,0.0000000000e+00,0.0000000000e+00,0.0000000000e+00,9.9999998245e-15,1.0000000000e+00,1.0000000169e-16,0.0000000000e+00,2.0564554688e+04,1.0000000000e+01,2.3329326510e-01
-1.2753453179e+00,0.0000000000e+00,4.9572375417e-01,6.2135580927e-02,0.0000000000e+00,3.0705084229e+02,0.0000000000e+00,0.0000000000e+00,0.0000000000e+00,9.9999998245e-15,1.0000000000e+00,1.0000000169e-16,0.0000000000e+00,2.0487488281e+04,1.0000000000e+01,2.3245109618e-01
-1.2753453179e+00,0.0000000000e+00,4.9572375417e-01,6.2135580927e-02,9.9999997765e-03,3.0705084229e+02,0.0000000000e+00,0.0000000000e+00,0.0000000000e+00,9.9999998245e-15,1.0000000000e+00,1.0000000169e-16,0.0000000000e+00,2.0487488281e+04,1.0000000000e+01,2.3245109618e-01
-1.2793272600e+00,0.0000000000e+00,5.0266849995e-01,6.1958272010e-02,0.0000000000e+00,3.0704467773e+02,0.0000000000e+00,0.0000000000e+00,0.0000000000e+00,9.9999998245e-15,1.0000000000e+00,1.0000000169e-16,0.0000000000e+00,2.0429654297e+04,1.0000000000e+01,2.3179955781e-01
-1.2793272600e+00,0.0000000000e+00,5.0266849995e-01,6.1958272010e-02,9.9999997765e-03,3.0704467773e+02,0.0000000000e+00,0.0000000000e+00,0.0000000000e+00,9.9999998245e-15,1.0000000000e+00,1.0000000169e-16,0.0000000000e+00,2.0429654297e+04,1.0000000000e+01,2.3179955781e-01
-1.2747122871e+00,0.0000000000e+00,5.0968205929e-01,6.1756730080e-02,0.0000000000e+00,3.0709558105e+02,0.0000000000e+00,0.0000000000e+00,0.0000000000e+00,9.9999998245e-15,1.0000000000e+00,1.0000000169e-16,0.0000000000e+00,2.0496683594e+04,1.0000000000e+01,2.3252135515e-01
-1.2747122871e+00,0.0000000000e+00,5.0968205929e-01,6.1756730080e-02,9.9999997765e-03,3.0709558105e+02,0.0000000000e+00,0.0000000000e+00,0.0000000000e+00,9.9999998245e-15,1.0000000000e+00,1.0000000169e-16,0.0000000000e+00,2.0496683594e+04,1.0000000000e+01,2.3252135515e-01
-1.2445552768e+00,0.0000000000e+00,5.1676505804e-01,6.1529960483e-02,0.0000000000e+00,3.0722863770e+02,0.0000000000e+00,0.0000000000e+00,0.0000000000e+00,9.9999998245e-15,1.0000000000e+00,1.0000000169e-16,0.0000000000e+00,2.0934693359e+04,1.0000000000e+01,2.3738640547e-01
-1.2445552768e+00,0.0000000000e+00,5.1676505804e-01,6.1529960483e-02,9.9999997765e-03,3.0722863770e+02,0.0000000000e+00,0.0000000000e+00,0.0000000000e+00,9.9999998245e-15,1.0000000000e+00,1.0000000169e-16,0.0000000000e+00,2.0934693359e+04,1.0000000000e+01,2.3738640547e-01
-1.1668929171e+00,0.0000000000e+00,5.2391809225e-01,6.1276931316e-02,0.0000000000e+00,3.0771127319e+02,0.0000000000e+00,0.0000000000e+00,0.0000000000e+00,9.9999998245e-15,1.0000000000e+00,1.0000000169e-16,0.0000000000e+00,2.2062685547e+04,1.0000000000e+01,2.4977496266e-01
-1.1668929171e+00,0.0000000000e+00,5.2391809225e-01,6.1276931316e-02,9.9999997765e-03,3.0771127319e+02,0.0000000000e+00,0.0000000000e+00,0.0000000000e+00,9.9999998245e-15,1.0000000000e+00,1.0000000169e-16,0.0000000000e+00,2.2062685547e+04,1.0000000000e+01,2.4977496266e-01
-1.0378742423e+00,0.0000000000e+00,5.3114175797e-01,6.0996565968e-02,0.0000000000e+00,3.0888891602e+02,0.0000000000e+00,0.0000000000e+00,0.0000000000e+00,9.9999998245e-15,1.0000000000e+00,1.0000000169e-16,0.0000000000e+00,2.3936593750e+04,1.0000000000e+01,2.6993867755e-01
-1.0378742423e+00,0.0000000000e+00,5.3114175797e-01,6.0996565968e-02,9.9999997765e-03,3.0888891602e+02,0.0000000000e+00,0.0000000000e+00,0.0000000000e+00,9.9999998245e-15,1.0000000000e+00,1.0000000169e-16,0.0000000000e+00,2.3936593750e+04,1.0000000000e+01,2.6993867755e-01
-8.8868276116e-01,0.0000000000e+00,5.3843659163e-01,6.0687813908e-02,0.0000000000e+00,3.1043231201e+02,0.0000000000e+00,0.0000000000e+00,0.0000000000e+00,9.9999998245e-15,1.0000000000e+00,1.0000000169e-16,0.0000000000e+00,2.6103496094e+04,1.0000000000e+01,2.9291614890e-01
-8.8868276116e-01,0.0000000000e+00,5.3843659163e-01,6.0687813908e-02,9.9999997765e-03,3.1043231201e+02,0.0000000000e+00,0.0000000000e+00,0.0000000000e+00,9.9999998245e-15,1.0000000000e+00,1.0000000169e-16,0.0000000000e+00,2.6103496094e+04,1.0000000000e+01,2.9291614890e-01
-7.6159108200e-01,0.0000000000e+00,5.4580318928e-01,6.0349576175e-02,0.0000000000e+00,3.1156268311e+02,0.0000000000e+00,0.0000000000e+00,0.0000000000e+00,9.9999998245e-15,1.0000000000e+00,1.0000000169e-16,0.0000000000e+00,2.7949414062e+04,1.0000000000e+01,3.1251156330e-01
-7.6159108200e-01,0.0000000000e+00,5.4580318928e-01,6.0349576175e-02,9.9999997765e-03,3.1156268311e+02,0.0000000000e+00,0.0000000000e+00,0.0000000000e+00,9.9999998245e-15,1.0000000000e+00,1.0000000169e-16,0.0000000000e+00,2.7949414062e+04,1.0000000000e+01,3.1251156330e-01
-6.7411025616e-01,0.0000000000e+00,5.5324220657e-01,5.9980735183e-02,0.0000000000e+00,3.1208471680e+02,0.0000000000e+00,0.0000000000e+00,0.0000000000e+00,9.9999998245e-15,1.0000000000e+00,1.0000000169e-16,0.0000000000e+00,2.9220013672e+04,1.0000000000e+01,3.2617962360e-01
-6.7411025616e-01,0.0000000000e+00,5.5324220657e-01,5.9980735183e-02,9.9999997765e-03,3.1208471680e+02,0.0000000000e+00,0.0000000000e+00,0.0000000000e+00,9.9999998245e-15,1.0000000000e+00,1.0000000169e-16,0.0000000000e+00,2.9220013672e+04,1.0000000000e+01,3.2617962360e-01
-6.1881966970e-01,0.0000000000e+00,5.6075412035e-01,5.9580322355e-02,0.0000000000e+00,3.1230883789e+02,0.0000000000e+00,0.0000000000e+00,0.0000000000e+00,9.9999998245e-15,1.0000000000e+00,1.0000000169e-16,0.0000000000e+00,3.0023070312e+04,1.0000000000e+01,3.3490556479e-01
-6.1881966970e-01,0.0000000000e+00,5.6075412035e-01,5.9580322355e-02,9.9999997765e-03,3.1230883789e+02,0.0000000000e+00,0.0000000000e+00,0.0000000000e+00,9.9999998245e-15,1.0000000000e+00,1.0000000169e-16,0.0000000000e+00,3.0023070312e+04,1.0000000000e+01,3.3490556479e-01
-5.8355457469e-01,0.0000000000e+00,5.6833964586e-01,5.9147506952e-02,0.0000000000e+00,3.1239389038e+02,0.0000000000e+00,0.0000000000e+00,0.0000000000e+00,9.9999998245e-15,1.0000000000e+00,1.0000000169e-16,0.0000000000e+00,3.0535273438e+04,1.0000000000e+01,3.4052705765e-01
-5.8355457469e-01,0.0000000000e+00,5.6833964586e-01,5.9147506952e-02,9.9999997765e-03,3.1239389038e+02,0.0000000000e+00,0.0000000000e+00,0.0000000000e+00,9.9999998245e-15,1.0000000000e+00,1.0000000169e-16,0.0000000000e+00,3.0535273438e+04,1.0000000000e+01,3.4052705765e-01
-5.5750900381e-01,0.0000000000e+00,5.7599925995e-01,5.8681413531e-02,0.0000000000e+00,3.1243835449e+02,0.0000000000e+00,0.0000000000e+00,0.0000000000e+00,9.9999998245e-15,1.0000000000e+00,1.0000000169e-16,0.0000000000e+00,3.0913566406e+04,1.0000000000e+01,3.4469664097e-01
-5.5750900381e-01,0.0000000000e+00,5.7599925995e-01,5.8681413531e-02,9.9999997765e-03,3.1243835449e+02,0.0000000000e+00,0.0000000000e+00,0.0000000000e+00,9.9999998245e-15,1.0000000000e+00,1.0000000169e-16,0.0000000000e+00,3.0913566406e+04,1.0000000000e+01,3.4469664097e-01
-5.3473751004e-01,0.0000000000e+00,5.8373367786e-01,5.8181513101e-02,0.0000000000e+00,3.1251318359e+02,0.0000000000e+00,0.0000000000e+00,0.0000000000e+00,9.9999998245e-15,1.0000000000e+00,1.0000000169e-16,0.0000000000e+00,3.1244306641e+04,1.0000000000e+01,3.4830111265e-01
-5.3473751004e-01,0.0000000000e+00,5.8373367786e-01,5.8181513101e-02,9.9999997765e-03,3.1251318359e+02,0.0000000000e+00,0.0000000000e+00,0.0000000000e+00,9.9999998245e-15,1.0000000000e+00,1.0000000169e-16,0.0000000000e+00,3.1244306641e+04,1.0000000000e+01,3.4830111265e-01
-5.1472096105e-01,0.0000000000e+00,5.9154355526e-01,5.7647619396e-02,0.0000000000e+00,3.1259808350e+02,0.0000000000e+00,0.0000000000e+00,0.0000000000e+00,9.9999998245e-15,1.0000000000e+00,1.0000000169e-16,0.0000000000e+00,3.1535033203e+04,1.0000000000e+01,3.5144665837e-01
-5.1472096105e-01,0.0000000000e+00,5.9154355526e-01,5.7647619396e-02,9.9999997765e-03,3.1259808350e+02,0.0000000000e+00,0.0000000000e+00,0.0000000000e+00,9.9999998245e-15,1.0000000000e+00,1.0000000169e-16,0.0000000000e+00,3.1535033203e+04,1.0000000000e+01,3.5144665837e-01
-4.9745868447e-01,0.0000000000e+00,5.9942942858e-01,5.7079706341e-02,0.0000000000e+00,3.1267269897e+02,0.0000000000e+00,0.0000000000e+00,0.0000000000e+00,9.9999998245e-15,1.0000000000e+00,1.0000000169e-16,0.0000000000e+00,3.1785755859e+04,1.0000000000e+01,3.5415643454e-01
-4.9745868447e-01,0.0000000000e+00,5.9942942858e-01,5.7079706341e-02,9.9999997765e-03,3.1267269897e+02,0.0000000000e+00,0.0000000000e+00,0.0000000000e+00,9.9999998245e-15,1.0000000000e+00,1.0000000169e-16,0.0000000000e+00,3.1785755859e+04,1.0000000000e+01,3.5415643454e-01
-4.8220354927e-01,0.0000000000e+00,6.0739213228e-01,5.6477695704e-02,0.0000000000e+00,3.1273547363e+02,0.0000000000e+00,0.0000000000e+00,0.0000000000e+00,9.9999998245e-15,1.0000000000e+00,1.0000000169e-16,0.0000000000e+00,3.2007326172e+04,1.0000000000e+01,3.5655367374e-01
-4.8220354927e-01,0.0000000000e+00,6.0739213228e-01,5.6477695704e-02,9.9999997765e-03,3.1273547363e+02,0.0000000000e+00,0.0000000000e+00,0.0000000000e+00,9.9999998245e-15,1.0000000000e+00,1.0000000169e-16,0.0000000000e+00,3.2007326172e+04,1.0000000000e+01,3.5655367374e-01
-4.6815167692e-01,0.0000000000e+00,6.1543226242e-01,5.5841550231e-02,0.0000000000e+00,3.1279043579e+02,0.0000000000e+00,0.0000000000e+00,0.0000000000e+00,9.9999998245e-15,1.0000000000e+00,1.0000000169e-16,0.0000000000e+00,3.2211419922e+04,1.0000000000e+01,3.5876423120e-01
-4.6815167692e-01,0.0000000000e+00,6.1543226242e-01,5.5841550231e-02,9.9999997765e-03,3.1279043579e+02,0.0000000000e+00,0.0000000000e+00,0.0000000000e+00,9.9999998245e-15,1.0000000000e+00,1.0000000169e-16,0.0000000000e+00,3.2211419922e+04,1.0000000000e+01,3.5876423120e-01
-4.5484733900e-01,0.0000000000e+00,6.2355053425e-01,5.5171240121e-02,0.0000000000e+00,3.1283929443e+02,0.0000000000e+00,0.0000000000e+00,0.0000000000e+00,9.9999998245e-15,1.0000000000e+00,1.0000000169e-16,0.0000000000e+00,3.2404656250e+04,1.0000000000e+01,3.6086007953e-01
-4.5484733900e-01,0.0000000000e+00,6.2355053425e-01,5.5171240121e-02,9.9999997765e-03,3.1283929443e+02,0.0000000000e+00,0.0000000000e+00,0.0000000000e+00,9.9999998245e-15,1.0000000000e+00,1.0000000169e-16,0.0000000000e+00,3.2404656250e+04,1.0000000000e+01,3.6086007953e-01
-4.4204512262e-01,0.0000000000e+00,6.3174766302e-01,5.4466746747e-02,0.0000000000e+00,3.1288259888e+02,0.0000000000e+00,0.0000000000e+00,0.0000000000e+00,9.9999998245e-15,1.0000000000e+00,1.0000000169e-16,0.0000000000e+00,3.2590599609e+04,1.0000000000e+01,3.6288058758e-01
-4.4204512262e-01,0.0000000000e+00,6.3174766302e-01,5.4466746747e-02,9.9999997765e-03,3.1288259888e+02,0.0000000000e+00,0.0000000000e+00,0.0000000000e+00,9.9999998245e-15,1.0000000000e+00,1.0000000169e-16,0.0000000000e+00,3.2590599609e+04,1.0000000000e+01,3.6288058758e-01
-4.2954910085e-01,0.0000000000e+00,6.4002442360e-01,5.3728081286e-02,0.0000000000e+00,3.1292135620e+02,0.0000000000e+00,0.0000000000e+00,0.0000000000e+00,9.9999998245e-15,1.0000000000e+00,1.0000000169e-16,0.0000000000e+00,3.2772093750e+04,1.0000000000e+01,3.6485630274e-01
-4.2954910085e-01,0.0000000000e+00,6.4002442360e-01,5.3728081286e-02,9.9999997765e-03,3.1292135620e+02,0.0000000000e+00,0.0000000000e+00,0.0000000000e+00,9.9999998245e-15,1.0000000000e+00,1.0000000169e-16,0.0000000000e+00,3.2772093750e+04,1.0000000000e+01,3.6485630274e-01
-4.1719750290e-01,0.0000000000e+00,6.4838153124e-01,5.2955284715e-02,0.0000000000e+00,3.1295684814e+02,0.0000000000e+00,0.0000000000e+00,0.0000000000e+00,9.9999998245e-15,1.0000000000e+00,1.0000000169e-16,0.0000000000e+00,3.2951492188e+04,1.0000000000e+01,3.6681196094e-01
-4.1719750290e-01,0.0000000000e+00,6.4838153124e-01,5.2955284715e-02,9.9999997765e-03,3.1295684814e+02,0.0000000000e+00,0.0000000000e+00,0.0000000000e+00,9.9999998245e-15,1.0000000000e+00,1.0000000169e-16,0.0000000000e+00,3.2951492188e+04,1.0000000000e+01,3.6681196094e-01
-4.0487293399e-01,0.0000000000e+00,6.5681964159e-01,5.2148208022e-02,0.0000000000e+00,3.1298992920e+02,0.0000000000e+00,0.0000000000e+00,0.0000000000e+00,9.9999998245e-15,1.0000000000e+00,1.0000000169e-16,0.0000000000e+00,3.3130500000e+04,1.0000000000e+01,3.6876565218e-01
-4.0487293399e-01,0.0000000000e+00,6.5681964159e-01,5.2148208022e-02,9.9999997765e-03,3.1298992920e+02,0.0000000000e+00,0.0000000000e+00,0.0000000000e+00,9.9999998245e-15,1.0000000000e+00,1.0000000169e-16,0.0000000000e+00,3.3130500000e+04,1.0000000000e+01,3.6876565218e-01
-3.9247897710e-01,0.0000000000e+00,6.6533958912e-01,5.1306441426e-02,0.0000000000e+00,3.1302130127e+02,0.0000000000e+00,0.0000000000e+00,0.0000000000e+00,9.9999998245e-15,1.0000000000e+00,1.0000000169e-16,0.0000000000e+00,3.3310515625e+04,1.0000000000e+01,3.7073218822e-01
-3.9247897710e-01,0.0000000000e+00,6.6533958912e-01,5.1306441426e-02,9.9999997765e-03,3.1302130127e+02,0.0000000000e+00,0.0000000000e+00,0.0000000000e+00,9.9999998245e-15,1.0000000000e+00,1.0000000169e-16,0.0000000000e+00,3.3310515625e+04,1.0000000000e+01,3.7073218822e-01
-3.7993723458e-01,0.0000000000e+00,6.7394208908e-01,5.0429545343e-02,0.0000000000e+00,3.1305169678e+02,0.0000000000e+00,0.0000000000e+00,0.0000000000e+00,9.9999998245e-15,1.0000000000e+00,1.0000000169e-16,0.0000000000e+00,3.3492671875e+04,1.0000000000e+01,3.7272340059e-01
-3.7993723458e-01,0.0000000000e+00,6.7394208908e-01,5.0429545343e-02,9.9999997765e-03,3.1305169678e+02,0.0000000000e+00,0.0000000000e+00,0.0000000000e+00,9.9999998245e-15,1.0000000000e+00,1.0000000169e-16,0.0000000000e+00,3.3492671875e+04,1.0000000000e+01,3.7272340059e-01
-3.6719768253e-01,0.0000000000e+00,6.8262779713e-01,4.9517139792e-02,0.0000000000e+00,3.1308160400e+02,0.0000000000e+00,0.0000000000e+00,0.0000000000e+00,9.9999998245e-15,1.0000000000e+00,1.0000000169e-16,0.0000000000e+00,3.3677707031e+04,1.0000000000e+01,3.7474673986e-01
-3.6719768253e-01,0.0000000000e+00,6.8262779713e-01,4.9517139792e-02,9.9999997765e-03,3.1308160400e+02,0.0000000000e+00,0.0000000000e+00,0.0000000000e+00,9.9999998245e-15,1.0000000000e+00,1.0000000169e-16,0.0000000000e+00,3.3677707031e+04,1.0000000000e+01,3.7474673986e-01
-3.5423221613e-01,0.0000000000e+00,6.9139754772e-01,4.8568915576e-02,0.0000000000e+00,3.1311141968e+02,0.0000000000e+00,0.0000000000e+00,0.0000000000e+00,9.9999998245e-15,1.0000000000e+00,1.0000000169e-16,0.0000000000e+00,3.3866023438e+04,1.0000000000e+01,3.7680628896e-01
-3.5423221613e-01,0.0000000000e+00,6.9139754772e-01,4.8568915576e-02,9.9999997765e-03,3.1311141968e+02,0.0000000000e+00,0.0000000000e+00,0.0000000000e+00,9.9999998245e-15,1.0000000000e+00,1.0000000169e-16,0.0000000000e+00,3.3866023438e+04,1.0000000000e+01,3.7680628896e-01
-3.4102442970e-01,0.0000000000e+00,7.0025205612e-01,4.7584507614e-02,0.0000000000e+00,3.1314141846e+02,0.0000000000e+00,0.0000000000e+00,0.0000000000e+00,9.9999998245e-15,1.0000000000e+00,1.0000000169e-16,0.0000000000e+00,3.4057855469e+04,1.0000000000e+01,3.7890440226e-01
-3.4102442970e-01,0.0000000000e+00,7.0025205612e-01,4.7584507614e-02,9.9999997765e-03,3.1314141846e+02,0.0000000000e+00,0.0000000000e+00,0.0000000000e+00,9.9999998245e-15,1.0000000000e+00,1.0000000169e-16,0.0000000000e+00,3.4057855469e+04,1.0000000000e+01,3.7890440226e-01
-3.2755495915e-01,0.0000000000e+00,7.0919209719e-01,4.6563368291e-02,0.0000000000e+00,3.1317184448e+02,0.0000000000e+00,0.0000000000e+00,0.0000000000e+00,9.9999998245e-15,1.0000000000e+00,1.0000000169e-16,0.0000000000e+00,3.4253492188e+04,1.0000000000e+01,3.8104391098e-01
-3.2755495915e-01,0.0000000000e+00,7.0919209719e-01,4.6563368291e-02,9.9999997765e-03,3.1317184448e+02,0.0000000000e+00,0.0000000000e+00,0.0000000000e+00,9.9999998245e-15,1.0000000000e+00,1.0000000169e-16,0.0000000000e+00,3.4253492188e+04,1.0000000000e+01,3.8104391098e-01
-3.1379852360e-01,0.0000000000e+00,7.1821832657e-01,4.5504823327e-02,0.0000000000e+00,3.1320288086e+02,0.0000000000e+00,0.0000000000e+00,0.0000000000e+00,9.9999998245e-15,1.0000000000e+00,1.0000000169e-16,0.0000000000e+00,3.4453292969e+04,1.0000000000e+01,3.8322854042e-01
-3.1379852360e-01,0.0000000000e+00,7.1821832657e-01,4.5504823327e-02,9.9999997765e-03,3.1320288086e+02,0.0000000000e+00,0.0000000000e+00,0.0000000000e+00,9.9999998245e-15,1.0000000000e+00,1.0000000169e-16,0.0000000000e+00,3.4453292969e+04,1.0000000000e+01,3.8322854042e-01
-2.9973454869e-01,0.0000000000e+00,7.2733163834e-01,4.4408220798e-02,0.0000000000e+00,3.1323477173e+02,0.0000000000e+00,0.0000000000e+00,0.0000000000e+00,9.9999998245e-15,1.0000000000e+00,1.0000000169e-16,0.0000000000e+00,3.4657562500e+04,1.0000000000e+01,3.8546141982e-01
-2.9973454869e-01,0.0000000000e+00,7.2733163834e-01,4.4408220798e-02,9.9999997765e-03,3.1323477173e+02,0.0000000000e+00,0.0000000000e+00,0.0000000000e+00,9.9999998245e-15,1.0000000000e+00,1.0000000169e-16,0.0000000000e+00,3.4657562500e+04,1.0000000000e+01,3.8546141982e-01
-2.8535227660e-01,0.0000000000e+00,7.3653262854e-01,4.3272849172e-02,0.0000000000e+00,3.1326727295e+02,0.0000000000e+00,0.0000000000e+00,0.0000000000e+00,9.9999998245e-15,1.0000000000e+00,1.0000000169e-16,0.0000000000e+00,3.4866453125e+04,1.0000000000e+01,3.8774448633e-01
-2.8535227660e-01,0.0000000000e+00,7.3653262854e-01,4.3272849172e-02,9.9999997765e-03,3.1326727295e+02,0.0000000000e+00,0.0000000000e+00,0.0000000000e+00,9.9999998245e-15,1.0000000000e+00,1.0000000169e-16,0.0000000000e+00,3.4866453125e+04,1.0000000000e+01,3.8774448633e-01
-2.7063812559e-01,0.0000000000e+00,7.4582213163e-01,4.2098090053e-02,0.0000000000e+00,3.1330047607e+02,0.0000000000e+00,0.0000000000e+00,0.0000000000e+00,9.9999998245e-15,1.0000000000e+00,1.0000000169e-16,0.0000000000e+00,3.5080167969e+04,1.0000000000e+01,3.9007979631e-01
-2.7063812559e-01,0.0000000000e+00,7.4582213163e-01,4.2098090053e-02,9.9999997765e-03,3.1330047607e+02,0.0000000000e+00,0.0000000000e+00,0.0000000000e+00,9.9999998245e-15,1.0000000000e+00,1.0000000169e-16,0.0000000000e+00,3.5080167969e+04,1.0000000000e+01,3.9007979631e-01
-2.5560930816e-01,0.0000000000e+00,7.5520104170e-01,4.0883790702e-02,0.0000000000e+00,3.1333447266e+02,0.0000000000e+00,0.0000000000e+00,0.0000000000e+00,9.9999998245e-15,1.0000000000e+00,1.0000000169e-16,0.0000000000e+00,3.5298453125e+04,1.0000000000e+01,3.9246445894e-01
-2.5560930816e-01,0.0000000000e+00,7.5520104170e-01,4.0883790702e-02,9.9999997765e-03,3.1333447266e+02,0.0000000000e+00,0.0000000000e+00,0.0000000000e+00,9.9999998245e-15,1.0000000000e+00,1.0000000169e-16,0.0000000000e+00,3.5298453125e+04,1.0000000000e+01,3.9246445894e-01
-2.4029903911e-01,0.0000000000e+00,7.6467007399e-01,3.9629843086e-02,0.0000000000e+00,3.1336895752e+02,0.0000000000e+00,0.0000000000e+00,0.0000000000e+00,9.9999998245e-15,1.0000000000e+00,1.0000000169e-16,0.0000000000e+00,3.5520820312e+04,1.0000000000e+01,3.9489340782e-01
-2.4029903911e-01,0.0000000000e+00,7.6467007399e-01,3.9629843086e-02,9.9999997765e-03,3.1336895752e+02,0.0000000000e+00,0.0000000000e+00,0.0000000000e+00,9.9999998245e-15,1.0000000000e+00,1.0000000169e-16,0.0000000000e+00,3.5520820312e+04,1.0000000000e+01,3.9489340782e-01
-2.2471511785e-01,0.0000000000e+00,7.7423006296e-01,3.8335543126e-02,0.0000000000e+00,3.1340325928e+02,0.0000000000e+00,0.0000000000e+00,0.0000000000e+00,9.9999998245e-15,1.0000000000e+00,1.0000000169e-16,0.0000000000e+00,3.5747167969e+04,1.0000000000e+01,3.9736628532e-01
-2.2471511785e-01,0.0000000000e+00,7.7423006296e-01,3.8335543126e-02,9.9999997765e-03,3.1340325928e+02,0.0000000000e+00,0.0000000000e+00,0.0000000000e+00,9.9999998245e-15,1.0000000000e+00,1.0000000169e-16,0.0000000000e+00,3.5747167969e+04,1.0000000000e+01,3.9736628532e-01
-2.0882069885e-01,0.0000000000e+00,7.8388184309e-01,3.6999993026e-02,0.0000000000e+00,3.1343783569e+02,0.0000000000e+00,0.0000000000e+00,0.0000000000e+00,9.9999998245e-15,1.0000000000e+00,1.0000000169e-16,0.0000000000e+00,3.5978023438e+04,1.0000000000e+01,3.9988830686e-01
-2.0882069885e-01,0.0000000000e+00,7.8388184309e-01,3.6999993026e-02,9.9999997765e-03,3.1343783569e+02,0.0000000000e+00,0.0000000000e+00,0.0000000000e+00,9.9999998245e-15,1.0000000000e+00,1.0000000169e-16,0.0000000000e+00,3.5978023438e+04,1.0000000000e+01,3.9988830686e-01
-1.9262640544e-01,0.0000000000e+00,7.9362612963e-01,3.5622779280e-02,0.0000000000e+00,3.1347229004e+02,0.0000000000e+00,0.0000000000e+00,0.0000000000e+00,9.9999998245e-15,1.0000000000e+00,1.0000000169e-16,0.0000000000e+00,3.6213234375e+04,1.0000000000e+01,4.0245836973e-01
-1.9262640544e-01,0.0000000000e+00,7.9362612963e-01,3.5622779280e-02,9.9999997765e-03,3.1347229004e+02,0.0000000000e+00,0.0000000000e+00,0.0000000000e+00,9.9999998245e-15,1.0000000000e+00,1.0000000169e-16,0.0000000000e+00,3.6213234375e+04,1.0000000000e+01,4.0245836973e-01
-1.7614783649e-01,0.0000000000e+00,8.0346387625e-01,3.4203808755e-02,0.0000000000e+00,3.1350695801e+02,0.0000000000e+00,0.0000000000e+00,0.0000000000e+00,9.9999998245e-15,1.0000000000e+00,1.0000000169e-16,0.0000000000e+00,3.6452574219e+04,1.0000000000e+01,4.0507346392e-01
-1.7614783649e-01,0.0000000000e+00,8.0346387625e-01,3.4203808755e-02,9.9999997765e-03,3.1350695801e+02,0.0000000000e+00,0.0000000000e+00,0.0000000000e+00,9.9999998245e-15,1.0000000000e+00,1.0000000169e-16,0.0000000000e+00,3.6452574219e+04,1.0000000000e+01,4.0507346392e-01
-1.5943111615e-01,0.0000000000e+00,8.1339591742e-01,3.2742708921e-02,0.0000000000e+00,3.1354031372e+02,0.0000000000e+00,0.0000000000e+00,0.0000000000e+00,9.9999998245e-15,1.0000000000e+00,1.0000000169e-16,0.0000000000e+00,3.6695375000e+04,1.0000000000e+01,4.0772819519e-01
-1.5943111615e-01,0.0000000000e+00,8.1339591742e-01,3.2742708921e-02,9.9999997765e-03,3.1354031372e+02,0.0000000000e+00,0.0000000000e+00,0.0000000000e+00,9.9999998245e-15,1.0000000000e+00,1.0000000169e-16,0.0000000000e+00,3.6695375000e+04,1.0000000000e+01,4.0772819519e-01
-1.4243912995e-01,0.0000000000e+00,8.2342314720e-01,3.1238803640e-02,0.0000000000e+00,3.1357354736e+02,0.0000000000e+00,0.0000000000e+00,0.0000000000e+00,9.9999998245e-15,1.0000000000e+00,1.0000000169e-16,0.0000000000e+00,3.6942171875e+04,1.0000000000e+01,4.1042691469e-01
-1.4243912995e-01,0.0000000000e+00,8.2342314720e-01,3.1238803640e-02,9.9999997765e-03,3.1357354736e+02,0.0000000000e+00,0.0000000000e+00,0.0000000000e+00,9.9999998245e-15,1.0000000000e+00,1.0000000169e-16,0.0000000000e+00,3.6942171875e+04,1.0000000000e+01,4.1042691469e-01
-1.2522862540e-01,0.0000000000e+00,8.3354634047e-01,2.9691923410e-02,0.0000000000e+00,3.1360473633e+02,0.0000000000e+00,0.0000000000e+00,0.0000000000e+00,9.9999998245e-15,1.0000000000e+00,1.0000000169e-16,0.0000000000e+00,3.7192140625e+04,1.0000000000e+01,4.1316300631e-01
-1.2522862540e-01,0.0000000000e+00,8.3354634047e-01,2.9691923410e-02,9.9999997765e-03,3.1360473633e+02,0.0000000000e+00,0.0000000000e+00,0.0000000000e+00,9.9999998245e-15,1.0000000000e+00,1.0000000169e-16,0.0000000000e+00,3.7192140625e+04,1.0000000000e+01,4.1316300631e-01
-1.0777391820e-01,0.0000000000e+00,8.4376657009e-01,2.8102155775e-02,0.0000000000e+00,3.1363616943e+02,0.0000000000e+00,0.0000000000e+00,0.0000000000e+00,9.9999998245e-15,1.0000000000e+00,1.0000000169e-16,0.0000000000e+00,3.7445656250e+04,1.0000000000e+01,4.1593760252e-01
-1.0777391820e-01,0.0000000000e+00,8.4376657009e-01,2.8102155775e-02,9.9999997765e-03,3.1363616943e+02,0.0000000000e+00,0.0000000000e+00,0.0000000000e+00,9.9999998245e-15,1.0000000000e+00,1.0000000169e-16,0.0000000000e+00,3.7445656250e+04,1.0000000000e+01,4.1593760252e-01
-9.0201681757e-02,0.0000000000e+00,8.5408473015e-01,2.6469159871e-02,0.0000000000e+00,3.1366326904e+02,0.0000000000e+00,0.0000000000e+00,0.0000000000e+00,9.9999998245e-15,1.0000000000e+00,1.0000000169e-16,0.0000000000e+00,3.7700882812e+04,1.0000000000e+01,4.1873639822e-01
-9.0201681757e-02,0.0000000000e+00,8.5408473015e-01,2.6469159871e-02,9.9999997765e-03,3.1366326904e+02,0.0000000000e+00,0.0000000000e+00,0.0000000000e+00,9.9999998245e-15,1.0000000000e+00,1.0000000169e-16,0.0000000000e+00,3.7700882812e+04,1.0000000000e+01,4.1873639822e-01
-7.2366147519e-02,0.0000000000e+00,8.6450165510e-01,2.4792049080e-02,0.0000000000e+00,3.1369152832e+02,0.0000000000e+00,0.0000000000e+00,0.0000000000e+00,9.9999998245e-15,1.0000000000e+00,1.0000000169e-16,0.0000000000e+00,3.7959929688e+04,1.0000000000e+01,4.2157557607e-01
-7.2366147519e-02,0.0000000000e+00,8.6450165510e-01,2.4792049080e-02,9.9999997765e-03,3.1369152832e+02,0.0000000000e+00,0.0000000000e+00,0.0000000000e+00,9.9999998245e-15,1.0000000000e+00,1.0000000169e-16,0.0000000000e+00,3.7959929688e+04,1.0000000000e+01,4.2157557607e-01
-5.4483413319e-02,0.0000000000e+00,8.7501800060e-01,2.3069191724e-02,0.0000000000e+00,3.1371124268e+02,0.0000000000e+00,0.0000000000e+00,0.0000000000e+00,9.9999998245e-15,1.0000000000e+00,1.0000000169e-16,0.0000000000e+00,3.8219664062e+04,1.0000000000e+01,4.2443355918e-01
-5.4483413319e-02,0.0000000000e+00,8.7501800060e-01,2.3069191724e-02,9.9999997765e-03,3.1371124268e+02,0.0000000000e+00,0.0000000000e+00,0.0000000000e+00,9.9999998245e-15,1.0000000000e+00,1.0000000169e-16,0.0000000000e+00,3.8219664062e+04,1.0000000000e+01,4.2443355918e-01
-3.6196857224e-02,0.0000000000e+00,8.8563460112e-01,2.1299427375e-02,0.0000000000e+00,3.1373553467e+02,0.0000000000e+00,0.0000000000e+00,0.0000000000e+00,9.9999998245e-15,1.0000000000e+00,1.0000000169e-16,0.0000000000e+00,3.8485265625e+04,1.0000000000e+01,4.2734986544e-01
-3.6196857224e-02,0.0000000000e+00,8.8563460112e-01,2.1299427375e-02,9.9999997765e-03,3.1373553467e+02,0.0000000000e+00,0.0000000000e+00,0.0000000000e+00,9.9999998245e-15,1.0000000000e+00,1.0000000169e-16,0.0000000000e+00,3.8485265625e+04,1.0000000000e+01,4.2734986544e-01
-1.8143745954e-02,0.0000000000e+00,8.9635235071e-01,1.9481908530e-02,0.0000000000e+00,3.1374029541e+02,0.0000000000e+00,0.0000000000e+00,0.0000000000e+00,9.9999998245e-15,1.0000000000e+00,1.0000000169e-16,0.0000000000e+00,3.8747476562e+04,1.0000000000e+01,4.3025517464e-01
-1.8143745954e-02,0.0000000000e+00,8.9635235071e-01,1.9481908530e-02,9.9999997765e-03,3.1374029541e+02,0.0000000000e+00,0.0000000000e+00,0.0000000000e+00,9.9999998245e-15,1.0000000000e+00,1.0000000169e-16,0.0000000000e+00,3.8747476562e+04,1.0000000000e+01,4.3025517464e-01
4.3300249748e-04,0.0000000000e+00,9.0717369318e-01,1.7625382170e-02,0.0000000000e+00,3.1376364136e+02,0.0000000000e+00,0.0000000000e+00,0.0000000000e+00,9.9999998245e-15,1.0000000000e+00,1.0000000169e-16,0.0000000000e+00,3.9017289062e+04,1.0000000000e+01,4.3321865797e-01
4.3300249748e-04,0.0000000000e+00,9.0717369318e-01,1.7625382170e-02,9.9999997765e-03,3.1376364136e+02,0.0000000000e+00,0.0000000000e+00,0.0000000000e+00,9.9999998245e-15,1.0000000000e+00,1.0000000169e-16,0.0000000000e+00,3.9017289062e+04,1.0000000000e+01,4.3321865797e-01
1.7733469364e-02,0.0000000000e+00,9.1810506582e-01,1.5760788694e-02,0.0000000000e+00,3.1376586914e+02,0.0000000000e+00,0.0000000000e+00,0.0000000000e+00,9.9999998245e-15,1.0000000000e+00,1.0000000169e-16,0.0000000000e+00,3.9268566406e+04,1.0000000000e+01,4.3600594997e-01
1.7733469364e-02,0.0000000000e+00,9.1810506582e-01,1.5760788694e-02,9.9999997765e-03,3.1376586914e+02,0.0000000000e+00,0.0000000000e+00,0.0000000000e+00,9.9999998245e-15,1.0000000000e+00,1.0000000169e-16,0.0000000000e+00,3.9268566406e+04,1.0000000000e+01,4.3600594997e-01
3.4919903275e-02,0.0000000000e+00,9.2914688587e-01,1.3884183951e-02,0.0000000000e+00,3.1379437256e+02,0.0000000000e+00,0.0000000000e+00,0.0000000000e+00,9.9999998245e-15,1.0000000000e+00,1.0000000169e-16,0.0000000000e+00,3.9518187500e+04,1.0000000000e+01,4.3873721361e-01
3.4919903275e-02,0.0000000000e+00,9.2914688587e-01,1.3884183951e-02,9.9999997765e-03,3.1379437256e+02,0.0000000000e+00,0.0000000000e+00,0.0000000000e+00,9.9999998245e-15,1.0000000000e+00,1.0000000169e-16,0.0000000000e+00,3.9518187500e+04,1.0000000000e+01,4.3873721361e-01
5.0288399060e-02,0.0000000000e+00,9.4029778242e-01,1.1981117539e-02,0.0000000000e+00,3.1376971436e+02,0.0000000000e+00,0.0000000000e+00,0.0000000000e+00,9.9999998245e-15,1.0000000000e+00,1.0000000169e-16,0.0000000000e+00,3.9741406250e+04,1.0000000000e+01,4.4125074148e-01
5.0288399060e-02,0.0000000000e+00,9.4029778242e-01,1.1981117539e-02,9.9999997765e-03,3.1376971436e+02,0.0000000000e+00,0.0000000000e+00,0.0000000000e+00,9.9999998245e-15,1.0000000000e+00,1.0000000169e-16,0.0000000000e+00,3.9741406250e+04,1.0000000000e+01,4.4125074148e-01
6.8024826827e-02,0.0000000000e+00,9.5155578852e-01,1.0033313185e-02,0.0000000000e+00,3.1383032227e+02,0.0000000000e+00,0.0000000000e+00,0.0000000000e+00,9.9999998245e-15,1.0000000000e+00,1.0000000169e-16,0.0000000000e+00,3.9999015625e+04,1.0000000000e+01,4.4402408600e-01
6.8024826827e-02,0.0000000000e+00,9.5155578852e-01,1.0033313185e-02,9.9999997765e-03,3.1383032227e+02,0.0000000000e+00,0.0000000000e+00,0.0000000000e+00,9.9999998245e-15,1.0000000000e+00,1.0000000169e-16,0.0000000000e+00,3.9999015625e+04,1.0000000000e+01,4.4402408600e-01
8.1623525758e-02,0.0000000000e+00,9.6291828156e-01,8.0198589712e-03,0.0000000000e+00,3.1375360107e+02,0.0000000000e+00,0.0000000000e+00,0.0000000000e+00,9.9999998245e-15,1.0000000000e+00,1.0000000169e-16,0.0000000000e+00,4.0196523438e+04,1.0000000000e+01,4.4632706046e-01
8.1623525758e-02,0.0000000000e+00,9.6291828156e-01,8.0198589712e-03,9.9999997765e-03,3.1375360107e+02,0.0000000000e+00,0.0000000000e+00,0.0000000000e+00,9.9999998245e-15,1.0000000000e+00,1.0000000169e-16,0.0000000000e+00,4.0196523438e+04,1.0000000000e+01,4.4632706046e-01
1.0183183300e-01,0.0000000000e+00,9.7438126802e-01,5.9135844931e-03,0.0000000000e+00,3.1399810791e+02,0.0000000000e+00,0.0000000000e+00,0.0000000000e+00,9.9999998245e-15,1.0000000000e+00,1.0000000169e-16,0.0000000000e+00,4.0490039062e+04,1.0000000000e+01,4.4923186302e-01
1.0183183300e-01,0.0000000000e+00,9.7438126802e-01,5.9135844931e-03,9.9999997765e-03,3.1399810791e+02,0.0000000000e+00,0.0000000000e+00,0.0000000000e+00,9.9999998245e-15,1.0000000000e+00,1.0000000169e-16,0.0000000000e+00,4.0490039062e+04,1.0000000000e+01,4.4923186302e-01
1.1140253292e-01,0.0000000000e+00,9.8594081402e-01,3.6907056347e-03,0.0000000000e+00,3.1412823486e+02,0.0000000000e+00,0.0000000000e+00,0.0000000000e+00,9.9999998245e-15,1.0000000000e+00,1.0000000169e-16,0.0000000000e+00,4.0629046875e+04,1.0000000000e+01,4.5058822632e-01
1.1140253292e-01,0.0000000000e+00,9.8594081402e-01,3.6907056347e-03,9.9999997765e-03,3.1412823486e+02,0.0000000000e+00,0.0000000000e+00,0.0000000000e+00,9.9999998245e-15,1.0000000000e+00,1.0000000169e-16,0.0000000000e+00,4.0629046875e+04,1.0000000000e+01,4.5058822632e-01
1.3474472936e-01,0.0000000000e+00,9.9759197235e-01,1.3234999496e-03,0.0000000000e+00,3.0706497192e+02,0.0000000000e+00,0.0000000000e+00,0.0000000000e+00,9.9999998245e-15,1.0000000000e+00,1.0000000169e-16,0.0000000000e+00,4.0968074219e+04,1.0000000000e+01,4.5430341363e-01
1.3474472936e-01,0.0000000000e+00,9.9759197235e-01,1.3234999496e-03,9.9999997765e-03,3.0706497192e+02,0.0000000000e+00,0.0000000000e+00,0.0000000000e+00,9.9999998245e-15,1.0000000000e+00,1.0000000169e-16,0.0000000000e+00,4.0968074219e+04,1.0000000000e+01,4.5430341363e-01
6.6251291628e-01,0.0000000000e+00,-2.5574459000e-14,6.0716380450e-18,0.0000000000e+00,3.1901190186e+02,0.0000000000e+00,0.0000000000e+00,0.0000000000e+00,9.9999998245e-15,1.0000000000e+00,1.0000000169e-16,0.0000000000e+00,4.8633542969e+04,1.0000000000e+01,5.3102505207e-01
6.6251291628e-01,0.0000000000e+00,-2.5574962138e-14,6.0986372202e-18,9.9999997765e-03,3.1901190186e+02,0.0000000000e+00,0.0000000000e+00,0.0000000000e+00,9.9999998245e-15,1.0000000000e+00,1.0000000169e-16,0.0000000000e+00,4.8633542969e+04,1.0000000000e+01,5.3102505207e-01
9.7158162720e-01,0.0000000000e+00,4.2614058475e-04,-2.6031420566e-03,9.9999997765e-03,3.1806915283e+02,0.0000000000e+00,0.0000000000e+00,0.0000000000e+00,9.9999998245e-15,1.0000000000e+00,1.0000000169e-16,0.0000000000e+00,5.3122554688e+04,1.0000000000e+01,5.8195924759e-01
9.7158162720e-01,0.0000000000e+00,4.2614058475e-04,-2.6031420566e-03,0.0000000000e+00,3.1806915283e+02,0.0000000000e+00,0.0000000000e+00,0.0000000000e+00,9.9999998245e-15,1.0000000000e+00,1.0000000169e-16,0.0000000000e+00,5.3122554688e+04,1.0000000000e+01,5.8195924759e-01
1.1013723777e+00,0.0000000000e+00,1.5102581820e-03,-4.9888067879e-03,9.9999997765e-03,3.1685317993e+02,0.0000000000e+00,0.0000000000e+00,0.0000000000e+00,9.9999998245e-15,1.0000000000e+00,1.0000000169e-16,0.0000000000e+00,5.5007671875e+04,1.0000000000e+01,6.0480332375e-01
1.1013723777e+00,0.0000000000e+00,1.5102581820e-03,-4.9888067879e-03,0.0000000000e+00,3.1685317993e+02,0.0000000000e+00,0.0000000000e+00,0.0000000000e+00,9.9999998245e-15,1.0000000000e+00,1.0000000169e-16,0.0000000000e+00,5.5007671875e+04,1.0000000000e+01,6.0480332375e-01
1.1043157189e+00,0.0000000000e+00,3.0609276146e-03,-7.1128131822e-03,9.9999997765e-03,3.1768472290e+02,0.0000000000e+00,0.0000000000e+00,0.0000000000e+00,9.9999998245e-15,1.0000000000e+00,1.0000000169e-16,0.0000000000e+00,5.5050421875e+04,1.0000000000e+01,6.0369813442e-01
1.1043157189e+00,0.0000000000e+00,3.0609276146e-03,-7.1128131822e-03,0.0000000000e+00,3.1768472290e+02,0.0000000000e+00,0.0000000000e+00,0.0000000000e+00,9.9999998245e-15,1.0000000000e+00,1.0000000169e-16,0.0000000000e+00,5.5050421875e+04,1.0000000000e+01,6.0369813442e-01
1.0495312209e+00,0.0000000000e+00,4.9008955248e-03,-8.9938761666e-03,9.9999997765e-03,3.1821527100e+02,0.0000000000e+00,0.0000000000e+00,0.0000000000e+00,9.9999998245e-15,1.0000000000e+00,1.0000000169e-16,0.0000000000e+00,5.4254718750e+04,1.0000000000e+01,5.9398198128e-01
1.0495312209e+00,0.0000000000e+00,4.9008955248e-03,-8.9938761666e-03,0.0000000000e+00,3.1821527100e+02,0.0000000000e+00,0.0000000000e+00,0.0000000000e+00,9.9999998245e-15,1.0000000000e+00,1.0000000169e-16,0.0000000000e+00,5.4254718750e+04,1.0000000000e+01,5.9398198128e-01
9.8220578723e-01,0.0000000000e+00,6.9238529541e-03,-1.0676101781e-02,9.9999997765e-03,3.1856738281e+02,0.0000000000e+00,0.0000000000e+00,0.0000000000e+00,9.9999998245e-15,1.0000000000e+00,1.0000000169e-16,0.0000000000e+00,5.3276859375e+04,1.0000000000e+01,5.8262944221e-01
9.8220578723e-01,0.0000000000e+00,6.9238529541e-03,-1.0676101781e-02,0.0000000000e+00,3.1856738281e+02,0.0000000000e+00,0.0000000000e+00,0.0000000000e+00,9.9999998245e-15,1.0000000000e+00,1.0000000169e-16,0.0000000000e+00,5.3276859375e+04,1.0000000000e+01,5.8262944221e-01
9.1376624621e-01,0.0000000000e+00,9.0652843937e-03,-1.2203343213e-02,9.9999997765e-03,3.1870050049e+02,0.0000000000e+00,0.0000000000e+00,0.0000000000e+00,9.9999998245e-15,1.0000000000e+00,1.0000000169e-16,0.0000000000e+00,5.2282824219e+04,1.0000000000e+01,5.7151937485e-01
9.1376624621e-01,0.0000000000e+00,9.0652843937e-03,-1.2203343213e-02,0.0000000000e+00,3.1870050049e+02,0.0000000000e+00,0.0000000000e+00,0.0000000000e+00,9.9999998245e-15,1.0000000000e+00,1.0000000169e-16,0.0000000000e+00,5.2282824219e+04,1.0000000000e+01,5.7151937485e-01
8.5149685631e-01,0.0000000000e+00,1.1290228926e-02,-1.3605267741e-02,9.9999997765e-03,3.1871835327e+02,0.0000000000e+00,0.0000000000e+00,0.0000000000e+00,9.9999998245e-15,1.0000000000e+00,1.0000000169e-16,0.0000000000e+00,5.1378406250e+04,1.0000000000e+01,5.6160050631e-01
8.5149685631e-01,0.0000000000e+00,1.1290228926e-02,-1.3605267741e-02,0.0000000000e+00,3.1871835327e+02,0.0000000000e+00,0.0000000000e+00,0.0000000000e+00,9.9999998245e-15,1.0000000000e+00,1.0000000169e-16,0.0000000000e+00,5.1378406250e+04,1.0000000000e+01,5.6160050631e-01
7.9531558910e-01,0.0000000000e+00,1.3576244004e-02,-1.4904543757e-02,9.9999997765e-03,3.1863290405e+02,0.0000000000e+00,0.0000000000e+00,0.0000000000e+00,9.9999998245e-15,1.0000000000e+00,1.0000000169e-16,0.0000000000e+00,5.0562410156e+04,1.0000000000e+01,5.5282902718e-01
7.9531558910e-01,0.0000000000e+00,1.3576244004e-02,-1.4904543757e-02,0.0000000000e+00,3.1863290405e+02,0.0000000000e+00,0.0000000000e+00,0.0000000000e+00,9.9999998245e-15,1.0000000000e+00,1.0000000169e-16,0.0000000000e+00,5.0562410156e+04,1.0000000000e+01,5.5282902718e-01
7.4525095282e-01,0.0000000000e+00,1.5908624977e-02,-1.6118614003e-02,9.9999997765e-03,3.1848962402e+02,0.0000000000e+00,0.0000000000e+00,0.0000000000e+00,9.9999998245e-15,1.0000000000e+00,1.0000000169e-16,0.0000000000e+00,4.9835257812e+04,1.0000000000e+01,5.4512351751e-01
7.4525095282e-01,0.0000000000e+00,1.5908624977e-02,-1.6118614003e-02,0.0000000000e+00,3.1848962402e+02,0.0000000000e+00,0.0000000000e+00,0.0000000000e+00,9.9999998245e-15,1.0000000000e+00,1.0000000169e-16,0.0000000000e+00,4.9835257812e+04,1.0000000000e+01,5.4512351751e-01
7.0030569700e-01,0.0000000000e+00,1.8277347088e-02,-1.7260214314e-02,9.9999997765e-03,3.1830972290e+02,0.0000000000e+00,0.0000000000e+00,0.0000000000e+00,9.9999998245e-15,1.0000000000e+00,1.0000000169e-16,0.0000000000e+00,4.9182457031e+04,1.0000000000e+01,5.3828692436e-01
7.0030569700e-01,0.0000000000e+00,1.8277347088e-02,-1.7260214314e-02,0.0000000000e+00,3.1830972290e+02,0.0000000000e+00,0.0000000000e+00,0.0000000000e+00,9.9999998245e-15,1.0000000000e+00,1.0000000169e-16,0.0000000000e+00,4.9182457031e+04,1.0000000000e+01,5.3828692436e-01
6.5978970710e-01,0.0000000000e+00,2.0675320178e-02,-1.8339069560e-02,9.9999997765e-03,3.1811535645e+02,0.0000000000e+00,0.0000000000e+00,0.0000000000e+00,9.9999998245e-15,1.0000000000e+00,1.0000000169e-16,0.0000000000e+00,4.8593992188e+04,1.0000000000e+01,5.3217136860e-01
6.5978970710e-01,0.0000000000e+00,2.0675320178e-02,-1.8339069560e-02,0.0000000000e+00,3.1811535645e+02,0.0000000000e+00,0.0000000000e+00,0.0000000000e+00,9.9999998245e-15,1.0000000000e+00,1.0000000169e-16,0.0000000000e+00,4.8593992188e+04,1.0000000000e+01,5.3217136860e-01
6.2317813568e-01,0.0000000000e+00,2.3097250611e-02,-1.9363049418e-02,9.9999997765e-03,3.1792816162e+02,0.0000000000e+00,0.0000000000e+00,0.0000000000e+00,9.9999998245e-15,1.0000000000e+00,1.0000000169e-16,0.0000000000e+00,4.8062234375e+04,1.0000000000e+01,5.2665793896e-01
6.2317813568e-01,0.0000000000e+00,2.3097250611e-02,-1.9363049418e-02,0.0000000000e+00,3.1792816162e+02,0.0000000000e+00,0.0000000000e+00,0.0000000000e+00,9.9999998245e-15,1.0000000000e+00,1.0000000169e-16,0.0000000000e+00,4.8062234375e+04,1.0000000000e+01,5.2665793896e-01
5.8978234741e-01,0.0000000000e+00,2.5538949296e-02,-2.0338946953e-02,9.9999997765e-03,3.1775555420e+02,0.0000000000e+00,0.0000000000e+00,0.0000000000e+00,9.9999998245e-15,1.0000000000e+00,1.0000000169e-16,0.0000000000e+00,4.7577179688e+04,1.0000000000e+01,5.2162611485e-01
5.8978234741e-01,0.0000000000e+00,2.5538949296e-02,-2.0338946953e-02,0.0000000000e+00,3.1775555420e+02,0.0000000000e+00,0.0000000000e+00,0.0000000000e+00,9.9999998245e-15,1.0000000000e+00,1.0000000169e-16,0.0000000000e+00,4.7577179688e+04,1.0000000000e+01,5.2162611485e-01
5.5915911985e-01,0.0000000000e+00,2.7997413650e-02,-2.1271698177e-02,9.9999997765e-03,3.1760107422e+02,0.0000000000e+00,0.0000000000e+00,0.0000000000e+00,9.9999998245e-15,1.0000000000e+00,1.0000000169e-16,0.0000000000e+00,4.7132398438e+04,1.0000000000e+01,5.1700103283e-01
5.5915911985e-01,0.0000000000e+00,2.7997413650e-02,-2.1271698177e-02,0.0000000000e+00,3.1760107422e+02,0.0000000000e+00,0.0000000000e+00,0.0000000000e+00,9.9999998245e-15,1.0000000000e+00,1.0000000169e-16,0.0000000000e+00,4.7132398438e+04,1.0000000000e+01,5.1700103283e-01
5.3099499684e-01,0.0000000000e+00,3.0470054597e-02,-2.2166153416e-02,9.9999997765e-03,3.1746838379e+02,0.0000000000e+00,0.0000000000e+00,0.0000000000e+00,9.9999998245e-15,1.0000000000e+00,1.0000000169e-16,0.0000000000e+00,4.6723335938e+04,1.0000000000e+01,5.1272821426e-01
5.3099499684e-01,0.0000000000e+00,3.0470054597e-02,-2.2166153416e-02,0.0000000000e+00,3.1746838379e+02,0.0000000000e+00,0.0000000000e+00,0.0000000000e+00,9.9999998245e-15,1.0000000000e+00,1.0000000169e-16,0.0000000000e+00,4.6723335938e+04,1.0000000000e+01,5.1272821426e-01
5.0482752635e-01,0.0000000000e+00,3.2954975963e-02,-2.3025900126e-02,9.9999997765e-03,3.1735110474e+02,0.0000000000e+00,0.0000000000e+00,0.0000000000e+00,9.9999998245e-15,1.0000000000e+00,1.0000000169e-16,0.0000000000e+00,4.6343273438e+04,1.0000000000e+01,5.0874549150e-01
5.0482752635e-01,0.0000000000e+00,3.2954975963e-02,-2.3025900126e-02,0.0000000000e+00,3.1735110474e+02,0.0000000000e+00,0.0000000000e+00,0.0000000000e+00,9.9999998245e-15,1.0000000000e+00,1.0000000169e-16,0.0000000000e+00,4.6343273438e+04,1.0000000000e+01,5.0874549150e-01
4.8050327487e-01,0.0000000000e+00,3.5450678319e-02,-2.3853844032e-02,9.9999997765e-03,3.1724560547e+02,0.0000000000e+00,0.0000000000e+00,0.0000000000e+00,9.9999998245e-15,1.0000000000e+00,1.0000000169e-16,0.0000000000e+00,4.5989976562e+04,1.0000000000e+01,5.0503504276e-01
4.8050327487e-01,0.0000000000e+00,3.5450678319e-02,-2.3853844032e-02,0.0000000000e+00,3.1724560547e+02,0.0000000000e+00,0.0000000000e+00,0.0000000000e+00,9.9999998245e-15,1.0000000000e+00,1.0000000169e-16,0.0000000000e+00,4.5989976562e+04,1.0000000000e+01,5.0503504276e-01
4.5791237811e-01,0.0000000000e+00,3.7955895066e-02,-2.4652561173e-02,9.9999997765e-03,3.1715118408e+02,0.0000000000e+00,0.0000000000e+00,0.0000000000e+00,9.9999998245e-15,1.0000000000e+00,1.0000000169e-16,0.0000000000e+00,4.5661859375e+04,1.0000000000e+01,5.0158107281e-01
4.5791237811e-01,0.0000000000e+00,3.7955895066e-02,-2.4652561173e-02,0.0000000000e+00,3.1715118408e+02,0.0000000000e+00,0.0000000000e+00,0.0000000000e+00,9.9999998245e-15,1.0000000000e+00,1.0000000169e-16,0.0000000000e+00,4.5661859375e+04,1.0000000000e+01,5.0158107281e-01
4.3683456958e-01,0.0000000000e+00,4.0469475091e-02,-2.5424560532e-02,9.9999997765e-03,3.1706689453e+02,0.0000000000e+00,0.0000000000e+00,0.0000000000e+00,9.9999998245e-15,1.0000000000e+00,1.0000000169e-16,0.0000000000e+00,4.5355718750e+04,1.0000000000e+01,4.9835067987e-01
4.3683456958e-01,0.0000000000e+00,4.0469475091e-02,-2.5424560532e-02,0.0000000000e+00,3.1706689453e+02,0.0000000000e+00,0.0000000000e+00,0.0000000000e+00,9.9999998245e-15,1.0000000000e+00,1.0000000169e-16,0.0000000000e+00,4.5355718750e+04,1.0000000000e+01,4.9835067987e-01
4.1701112357e-01,0.0000000000e+00,4.2990501970e-02,-2.6171870530e-02,9.9999997765e-03,3.1698846436e+02,0.0000000000e+00,0.0000000000e+00,0.0000000000e+00,9.9999998245e-15,1.0000000000e+00,1.0000000169e-16,0.0000000000e+00,4.5067796875e+04,1.0000000000e+01,4.9530965090e-01
4.1701112357e-01,0.0000000000e+00,4.2990501970e-02,-2.6171870530e-02,0.0000000000e+00,3.1698846436e+02,0.0000000000e+00,0.0000000000e+00,0.0000000000e+00,9.9999998245e-15,1.0000000000e+00,1.0000000169e-16,0.0000000000e+00,4.5067796875e+04,1.0000000000e+01,4.9530965090e-01
3.9838246860e-01,0.0000000000e+00,4.5518249273e-02,-2.6896093041e-02,9.9999997765e-03,3.1691497803e+02,0.0000000000e+00,0.0000000000e+00,0.0000000000e+00,9.9999998245e-15,1.0000000000e+00,1.0000000169e-16,0.0000000000e+00,4.4797230469e+04,1.0000000000e+01,4.9245014787e-01
3.9838246860e-01,0.0000000000e+00,4.5518249273e-02,-2.6896093041e-02,0.0000000000e+00,3.1691497803e+02,0.0000000000e+00,0.0000000000e+00,0.0000000000e+00,9.9999998245e-15,1.0000000000e+00,1.0000000169e-16,0.0000000000e+00,4.4797230469e+04,1.0000000000e+01,4.9245014787e-01
3.8088755403e-01,0.0000000000e+00,4.8052042723e-02,-2.7598870918e-02,9.9999997765e-03,3.1684710693e+02,0.0000000000e+00,0.0000000000e+00,0.0000000000e+00,9.9999998245e-15,1.0000000000e+00,1.0000000169e-16,0.0000000000e+00,4.4543128906e+04,1.0000000000e+01,4.8976171017e-01
3.8088755403e-01,0.0000000000e+00,4.8052042723e-02,-2.7598870918e-02,0.0000000000e+00,3.1684710693e+02,0.0000000000e+00,0.0000000000e+00,0.0000000000e+00,9.9999998245e-15,1.0000000000e+00,1.0000000169e-16,0.0000000000e+00,4.4543128906e+04,1.0000000000e+01,4.8976171017e-01
3.6436474351e-01,0.0000000000e+00,5.0591297448e-02,-2.8281658888e-02,9.9999997765e-03,3.1678344727e+02,0.0000000000e+00,0.0000000000e+00,0.0000000000e+00,9.9999998245e-15,1.0000000000e+00,1.0000000169e-16,0.0000000000e+00,4.4303148438e+04,1.0000000000e+01,4.8722100258e-01
3.6436474351e-01,0.0000000000e+00,5.0591297448e-02,-2.8281658888e-02,0.0000000000e+00,3.1678344727e+02,0.0000000000e+00,0.0000000000e+00,0.0000000000e+00,9.9999998245e-15,1.0000000000e+00,1.0000000169e-16,0.0000000000e+00,4.4303148438e+04,1.0000000000e+01,4.8722100258e-01
3.4870968614e-01,0.0000000000e+00,5.3135521710e-02,-2.8945684433e-02,9.9999997765e-03,3.1672235107e+02,0.0000000000e+00,0.0000000000e+00,0.0000000000e+00,9.9999998245e-15,1.0000000000e+00,1.0000000169e-16,0.0000000000e+00,4.4075765625e+04,1.0000000000e+01,4.8481386900e-01
3.4870968614e-01,0.0000000000e+00,5.3135521710e-02,-2.8945684433e-02,0.0000000000e+00,3.1672235107e+02,0.0000000000e+00,0.0000000000e+00,0.0000000000e+00,9.9999998245e-15,1.0000000000e+00,1.0000000169e-16,0.0000000000e+00,4.4075765625e+04,1.0000000000e+01,4.8481386900e-01
3.3389051184e-01,0.0000000000e+00,5.5684309453e-02,-2.9591990635e-02,9.9999997765e-03,3.1666357422e+02,0.0000000000e+00,0.0000000000e+00,0.0000000000e+00,9.9999998245e-15,1.0000000000e+00,1.0000000169e-16,0.0000000000e+00,4.3860531250e+04,1.0000000000e+01,4.8253589869e-01
3.3389051184e-01,0.0000000000e+00,5.5684309453e-02,-2.9591990635e-02,0.0000000000e+00,3.1666357422e+02,0.0000000000e+00,0.0000000000e+00,0.0000000000e+00,9.9999998245e-15,1.0000000000e+00,1.0000000169e-16,0.0000000000e+00,4.3860531250e+04,1.0000000000e+01,4.8253589869e-01
3.1986284460e-01,0.0000000000e+00,5.8237254620e-02,-3.0221678317e-02,9.9999997765e-03,3.1660803223e+02,0.0000000000e+00,0.0000000000e+00,0.0000000000e+00,9.9999998245e-15,1.0000000000e+00,1.0000000169e-16,0.0000000000e+00,4.3656789062e+04,1.0000000000e+01,4.8037868738e-01
3.1986284460e-01,0.0000000000e+00,5.8237254620e-02,-3.0221678317e-02,0.0000000000e+00,3.1660803223e+02,0.0000000000e+00,0.0000000000e+00,0.0000000000e+00,9.9999998245e-15,1.0000000000e+00,1.0000000169e-16,0.0000000000e+00,4.3656789062e+04,1.0000000000e+01,4.8037868738e-01
3.0648804292e-01,0.0000000000e+00,6.0793977231e-02,-3.0835831538e-02,9.9999997765e-03,3.1655490112e+02,0.0000000000e+00,0.0000000000e+00,0.0000000000e+00,9.9999998245e-15,1.0000000000e+00,1.0000000169e-16,0.0000000000e+00,4.3462527344e+04,1.0000000000e+01,4.7832140326e-01
3.0648804292e-01,0.0000000000e+00,6.0793977231e-02,-3.0835831538e-02,0.0000000000e+00,3.1655490112e+02,0.0000000000e+00,0.0000000000e+00,0.0000000000e+00,9.9999998245e-15,1.0000000000e+00,1.0000000169e-16,0.0000000000e+00,4.3462527344e+04,1.0000000000e+01,4.7832140326e-01
2.9367036216e-01,0.0000000000e+00,6.3354186714e-02,-3.1435281038e-02,9.9999997765e-03,3.1650292969e+02,0.0000000000e+00,0.0000000000e+00,0.0000000000e+00,9.9999998245e-15,1.0000000000e+00,1.0000000169e-16,0.0000000000e+00,4.3276359375e+04,1.0000000000e+01,4.7635078430e-01
2.9367036216e-01,0.0000000000e+00,6.3354186714e-02,-3.1435281038e-02,0.0000000000e+00,3.1650292969e+02,0.0000000000e+00,0.0000000000e+00,0.0000000000e+00,9.9999998245e-15,1.0000000000e+00,1.0000000169e-16,0.0000000000e+00,4.3276359375e+04,1.0000000000e+01,4.7635078430e-01
2.8141222282e-01,0.0000000000e+00,6.5917633474e-02,-3.2020714134e-02,9.9999997765e-03,3.1645214844e+02,0.0000000000e+00,0.0000000000e+00,0.0000000000e+00,9.9999998245e-15,1.0000000000e+00,1.0000000169e-16,0.0000000000e+00,4.3098320312e+04,1.0000000000e+01,4.7446715832e-01
2.8141222282e-01,0.0000000000e+00,6.5917633474e-02,-3.2020714134e-02,0.0000000000e+00,3.1645214844e+02,0.0000000000e+00,0.0000000000e+00,0.0000000000e+00,9.9999998245e-15,1.0000000000e+00,1.0000000169e-16,0.0000000000e+00,4.3098320312e+04,1.0000000000e+01,4.7446715832e-01
2.6970770811e-01,0.0000000000e+00,6.8484097719e-02,-3.2592799515e-02,9.9999997765e-03,3.1640301514e+02,0.0000000000e+00,0.0000000000e+00,0.0000000000e+00,9.9999998245e-15,1.0000000000e+00,1.0000000169e-16,0.0000000000e+00,4.2928320312e+04,1.0000000000e+01,4.7266903520e-01
2.6970770811e-01,0.0000000000e+00,6.8484097719e-02,-3.2592799515e-02,0.0000000000e+00,3.1640301514e+02,0.0000000000e+00,0.0000000000e+00,0.0000000000e+00,9.9999998245e-15,1.0000000000e+00,1.0000000169e-16,0.0000000000e+00,4.2928320312e+04,1.0000000000e+01,4.7266903520e-01
2.5850047390e-01,0.0000000000e+00,7.1053348482e-02,-3.3152237535e-02,9.9999997765e-03,3.1635534668e+02,0.0000000000e+00,0.0000000000e+00,0.0000000000e+00,9.9999998245e-15,1.0000000000e+00,1.0000000169e-16,0.0000000000e+00,4.2765539062e+04,1.0000000000e+01,4.7094768286e-01
2.5850047390e-01,0.0000000000e+00,7.1053348482e-02,-3.3152237535e-02,0.0000000000e+00,3.1635534668e+02,0.0000000000e+00,0.0000000000e+00,0.0000000000e+00,9.9999998245e-15,1.0000000000e+00,1.0000000169e-16,0.0000000000e+00,4.2765539062e+04,1.0000000000e+01,4.7094768286e-01
2.4772435957e-01,0.0000000000e+00,7.3625184596e-02,-3.3699661493e-02,9.9999997765e-03,3.1630883789e+02,0.0000000000e+00,0.0000000000e+00,0.0000000000e+00,9.9999998245e-15,1.0000000000e+00,1.0000000169e-16,0.0000000000e+00,4.2609023438e+04,1.0000000000e+01,4.6929305792e-01
2.4772435957e-01,0.0000000000e+00,7.3625184596e-02,-3.3699661493e-02,0.0000000000e+00,3.1630883789e+02,0.0000000000e+00,0.0000000000e+00,0.0000000000e+00,9.9999998245e-15,1.0000000000e+00,1.0000000169e-16,0.0000000000e+00,4.2609023438e+04,1.0000000000e+01,4.6929305792e-01
2.3733888880e-01,0.0000000000e+00,7.6199434698e-02,-3.4235619009e-02,9.9999997765e-03,3.1626324463e+02,0.0000000000e+00,0.0000000000e+00,0.0000000000e+00,9.9999998245e-15,1.0000000000e+00,1.0000000169e-16,0.0000000000e+00,4.2458183594e+04,1.0000000000e+01,4.6769917011e-01
2.3733888880e-01,0.0000000000e+00,7.6199434698e-02,-3.4235619009e-02,0.0000000000e+00,3.1626324463e+02,0.0000000000e+00,0.0000000000e+00,0.0000000000e+00,9.9999998245e-15,1.0000000000e+00,1.0000000169e-16,0.0000000000e+00,4.2458183594e+04,1.0000000000e+01,4.6769917011e-01
2.2733101773e-01,0.0000000000e+00,7.8775949776e-02,-3.4760572016e-02,9.9999997765e-03,3.1621844482e+02,0.0000000000e+00,0.0000000000e+00,0.0000000000e+00,9.9999998245e-15,1.0000000000e+00,1.0000000169e-16,0.0000000000e+00,4.2312828125e+04,1.0000000000e+01,4.6616399288e-01
2.2733101773e-01,0.0000000000e+00,7.8775949776e-02,-3.4760572016e-02,0.0000000000e+00,3.1621844482e+02,0.0000000000e+00,0.0000000000e+00,0.0000000000e+00,9.9999998245e-15,1.0000000000e+00,1.0000000169e-16,0.0000000000e+00,4.2312828125e+04,1.0000000000e+01,4.6616399288e-01
2.1769200561e-01,0.0000000000e+00,8.1354588270e-02,-3.5274978727e-02,9.9999997765e-03,3.1617468262e+02,0.0000000000e+00,0.0000000000e+00,0.0000000000e+00,9.9999998245e-15,1.0000000000e+00,1.0000000169e-16,0.0000000000e+00,4.2172828125e+04,1.0000000000e+01,4.6468585730e-01
2.1769200561e-01,0.0000000000e+00,8.1354588270e-02,-3.5274978727e-02,0.0000000000e+00,3.1617468262e+02,0.0000000000e+00,0.0000000000e+00,0.0000000000e+00,9.9999998245e-15,1.0000000000e+00,1.0000000169e-16,0.0000000000e+00,4.2172828125e+04,1.0000000000e+01,4.6468585730e-01
2.0839025134e-01,0.0000000000e+00,8.3935223520e-02,-3.5779297352e-02,9.9999997765e-03,3.1613208008e+02,0.0000000000e+00,0.0000000000e+00,0.0000000000e+00,9.9999998245e-15,1.0000000000e+00,1.0000000169e-16,0.0000000000e+00,4.2037726562e+04,1.0000000000e+01,4.6325972676e-01
2.0839025134e-01,0.0000000000e+00,8.3935223520e-02,-3.5779297352e-02,0.0000000000e+00,3.1613208008e+02,0.0000000000e+00,0.0000000000e+00,0.0000000000e+00,9.9999998245e-15,1.0000000000e+00,1.0000000169e-16,0.0000000000e+00,4.2037726562e+04,1.0000000000e+01,4.6325972676e-01
1.9938205124e-01,0.0000000000e+00,8.6517721415e-02,-3.6273963749e-02,9.9999997765e-03,3.1609024048e+02,0.0000000000e+00,0.0000000000e+00,0.0000000000e+00,9.9999998245e-15,1.0000000000e+00,1.0000000169e-16,0.0000000000e+00,4.1906886719e+04,1.0000000000e+01,4.6187898517e-01
1.9938205124e-01,0.0000000000e+00,8.6517721415e-02,-3.6273963749e-02,0.0000000000e+00,3.1609024048e+02,0.0000000000e+00,0.0000000000e+00,0.0000000000e+00,9.9999998245e-15,1.0000000000e+00,1.0000000169e-16,0.0000000000e+00,4.1906886719e+04,1.0000000000e+01,4.6187898517e-01
1.9064548625e-01,0.0000000000e+00,8.9101985097e-02,-3.6759339273e-02,9.9999997765e-03,3.1604919434e+02,0.0000000000e+00,0.0000000000e+00,0.0000000000e+00,9.9999998245e-15,1.0000000000e+00,1.0000000169e-16,0.0000000000e+00,4.1779992188e+04,1.0000000000e+01,4.6054023504e-01
1.9064548625e-01,0.0000000000e+00,8.9101985097e-02,-3.6759339273e-02,0.0000000000e+00,3.1604919434e+02,0.0000000000e+00,0.0000000000e+00,0.0000000000e+00,9.9999998245e-15,1.0000000000e+00,1.0000000169e-16,0.0000000000e+00,4.1779992188e+04,1.0000000000e+01,4.6054023504e-01
1.8216845382e-01,0.0000000000e+00,9.1687917709e-02,-3.7235770375e-02,9.9999997765e-03,3.1600894165e+02,0.0000000000e+00,0.0000000000e+00,0.0000000000e+00,9.9999998245e-15,1.0000000000e+00,1.0000000169e-16,0.0000000000e+00,4.1656871094e+04,1.0000000000e+01,4.5924156904e-01
1.8216845382e-01,0.0000000000e+00,9.1687917709e-02,-3.7235770375e-02,0.0000000000e+00,3.1600894165e+02,0.0000000000e+00,0.0000000000e+00,0.0000000000e+00,9.9999998245e-15,1.0000000000e+00,1.0000000169e-16,0.0000000000e+00,4.1656871094e+04,1.0000000000e+01,4.5924156904e-01
1.7394019611e-01,0.0000000000e+00,9.4275422394e-02,-3.7703569978e-02,9.9999997765e-03,3.1596954346e+02,0.0000000000e+00,0.0000000000e+00,0.0000000000e+00,9.9999998245e-15,1.0000000000e+00,1.0000000169e-16,0.0000000000e+00,4.1537359375e+04,1.0000000000e+01,4.5798110962e-01
1.7394019611e-01,0.0000000000e+00,9.4275422394e-02,-3.7703569978e-02,0.0000000000e+00,3.1596954346e+02,0.0000000000e+00,0.0000000000e+00,0.0000000000e+00,9.9999998245e-15,1.0000000000e+00,1.0000000169e-16,0.0000000000e+00,4.1537359375e+04,1.0000000000e+01,4.5798110962e-01
1.6593637355e-01,0.0000000000e+00,9.6864409745e-02,-3.8163077086e-02,9.9999997765e-03,3.1593115234e+02,0.0000000000e+00,0.0000000000e+00,0.0000000000e+00,9.9999998245e-15,1.0000000000e+00,1.0000000169e-16,0.0000000000e+00,4.1421109375e+04,1.0000000000e+01,4.5675486326e-01
1.6593637355e-01,0.0000000000e+00,9.6864409745e-02,-3.8163077086e-02,0.0000000000e+00,3.1593115234e+02,0.0000000000e+00,0.0000000000e+00,0.0000000000e+00,9.9999998245e-15,1.0000000000e+00,1.0000000169e-16,0.0000000000e+00,4.1421109375e+04,1.0000000000e+01,4.5675486326e-01
1.5811933374e-01,0.0000000000e+00,9.9454797804e-02,-3.8614593446e-02,9.9999997765e-03,3.1589349365e+02,0.0000000000e+00,0.0000000000e+00,0.0000000000e+00,9.9999998245e-15,1.0000000000e+00,1.0000000169e-16,0.0000000000e+00,4.1307574219e+04,1.0000000000e+01,4.5555719733e-01
1.5811933374e-01,0.0000000000e+00,9.9454797804e-02,-3.8614593446e-02,0.0000000000e+00,3.1589349365e+02,0.0000000000e+00,0.0000000000e+00,0.0000000000e+00,9.9999998245e-15,1.0000000000e+00,1.0000000169e-16,0.0000000000e+00,4.1307574219e+04,1.0000000000e+01,4.5555719733e-01
1.5047724308e-01,0.0000000000e+00,1.0204653442e-01,-3.9058368653e-02,9.9999997765e-03,3.1585653687e+02,0.0000000000e+00,0.0000000000e+00,0.0000000000e+00,9.9999998245e-15,1.0000000000e+00,1.0000000169e-16,0.0000000000e+00,4.1196578125e+04,1.0000000000e+01,4.5438623428e-01
1.5047724308e-01,0.0000000000e+00,1.0204653442e-01,-3.9058368653e-02,0.0000000000e+00,3.1585653687e+02,0.0000000000e+00,0.0000000000e+00,0.0000000000e+00,9.9999998245e-15,1.0000000000e+00,1.0000000169e-16,0.0000000000e+00,4.1196578125e+04,1.0000000000e+01,4.5438623428e-01
1.4300472265e-01,0.0000000000e+00,1.0463953763e-01,-3.9494626224e-02,9.9999997765e-03,3.1582031250e+02,0.0000000000e+00,0.0000000000e+00,0.0000000000e+00,9.9999998245e-15,1.0000000000e+00,1.0000000169e-16,0.0000000000e+00,4.1088046875e+04,1.0000000000e+01,4.5324110985e-01
1.4300472265e-01,0.0000000000e+00,1.0463953763e-01,-3.9494626224e-02,0.0000000000e+00,3.1582031250e+02,0.0000000000e+00,0.0000000000e+00,0.0000000000e+00,9.9999998245e-15,1.0000000000e+00,1.0000000169e-16,0.0000000000e+00,4.1088046875e+04,1.0000000000e+01,4.5324110985e-01
1.3570352060e-01,0.0000000000e+00,1.0723377019e-01,-3.9923552424e-02,9.9999997765e-03,3.1578491211e+02,0.0000000000e+00,0.0000000000e+00,0.0000000000e+00,9.9999998245e-15,1.0000000000e+00,1.0000000169e-16,0.0000000000e+00,4.0982000000e+04,1.0000000000e+01,4.5212203264e-01
1.3570352060e-01,0.0000000000e+00,1.0723377019e-01,-3.9923552424e-02,0.0000000000e+00,3.1578491211e+02,0.0000000000e+00,0.0000000000e+00,0.0000000000e+00,9.9999998245e-15,1.0000000000e+00,1.0000000169e-16,0.0000000000e+00,4.0982000000e+04,1.0000000000e+01,4.5212203264e-01
1.2856933380e-01,0.0000000000e+00,1.0982917249e-01,-4.0345344692e-02,9.9999997765e-03,3.1575036621e+02,0.0000000000e+00,0.0000000000e+00,0.0000000000e+00,9.9999998245e-15,1.0000000000e+00,1.0000000169e-16,0.0000000000e+00,4.0878382812e+04,1.0000000000e+01,4.5102822781e-01
1.2856933380e-01,0.0000000000e+00,1.0982917249e-01,-4.0345344692e-02,0.0000000000e+00,3.1575036621e+02,0.0000000000e+00,0.0000000000e+00,0.0000000000e+00,9.9999998245e-15,1.0000000000e+00,1.0000000169e-16,0.0000000000e+00,4.0878382812e+04,1.0000000000e+01,4.5102822781e-01
1.2158979075e-01,0.0000000000e+00,1.1242568493e-01,-4.0760189295e-02,9.9999997765e-03,3.1571661377e+02,0.0000000000e+00,0.0000000000e+00,0.0000000000e+00,9.9999998245e-15,1.0000000000e+00,1.0000000169e-16,0.0000000000e+00,4.0777007812e+04,1.0000000000e+01,4.4995784760e-01
1.2158979075e-01,0.0000000000e+00,1.1242568493e-01,-4.0760189295e-02,0.0000000000e+00,3.1571661377e+02,0.0000000000e+00,0.0000000000e+00,0.0000000000e+00,9.9999998245e-15,1.0000000000e+00,1.0000000169e-16,0.0000000000e+00,4.0777007812e+04,1.0000000000e+01,4.4995784760e-01
1.1475588177e-01,0.0000000000e+00,1.1502327770e-01,-4.1168268770e-02,9.9999997765e-03,3.1568365479e+02,0.0000000000e+00,0.0000000000e+00,0.0000000000e+00,9.9999998245e-15,1.0000000000e+00,1.0000000169e-16,0.0000000000e+00,4.0677750000e+04,1.0000000000e+01,4.4890946150e-01
1.1475588177e-01,0.0000000000e+00,1.1502327770e-01,-4.1168268770e-02,0.0000000000e+00,3.1568365479e+02,0.0000000000e+00,0.0000000000e+00,0.0000000000e+00,9.9999998245e-15,1.0000000000e+00,1.0000000169e-16,0.0000000000e+00,4.0677750000e+04,1.0000000000e+01,4.4890946150e-01
1.0805832823e-01,0.0000000000e+00,1.1762189865e-01,-4.1569735855e-02,9.9999997765e-03,3.1565142822e+02,0.0000000000e+00,0.0000000000e+00,0.0000000000e+00,9.9999998245e-15,1.0000000000e+00,1.0000000169e-16,0.0000000000e+00,4.0580472656e+04,1.0000000000e+01,4.4788169861e-01
1.0805832823e-01,0.0000000000e+00,1.1762189865e-01,-4.1569735855e-02,0.0000000000e+00,3.1565142822e+02,0.0000000000e+00,0.0000000000e+00,0.0000000000e+00,9.9999998245e-15,1.0000000000e+00,1.0000000169e-16,0.0000000000e+00,4.0580472656e+04,1.0000000000e+01,4.4788169861e-01
1.0149928170e-01,0.0000000000e+00,1.2022151053e-01,-4.1964724660e-02,9.9999997765e-03,3.1561981201e+02,0.0000000000e+00,0.0000000000e+00,0.0000000000e+00,9.9999998245e-15,1.0000000000e+00,1.0000000169e-16,0.0000000000e+00,4.0485207031e+04,1.0000000000e+01,4.4687497616e-01
1.0149928170e-01,0.0000000000e+00,1.2022151053e-01,-4.1964724660e-02,0.0000000000e+00,3.1561981201e+02,0.0000000000e+00,0.0000000000e+00,0.0000000000e+00,9.9999998245e-15,1.0000000000e+00,1.0000000169e-16,0.0000000000e+00,4.0485207031e+04,1.0000000000e+01,4.4687497616e-01
9.5083314262e-02,0.0000000000e+00,1.2282208353e-01,-4.2353361845e-02,9.9999997765e-03,3.1558905029e+02,0.0000000000e+00,0.0000000000e+00,0.0000000000e+00,9.9999998245e-15,1.0000000000e+00,1.0000000169e-16,0.0000000000e+00,4.0392019531e+04,1.0000000000e+01,4.4588986039e-01
9.5083314262e-02,0.0000000000e+00,1.2282208353e-01,-4.2353361845e-02,0.0000000000e+00,3.1558905029e+02,0.0000000000e+00,0.0000000000e+00,0.0000000000e+00,9.9999998245e-15,1.0000000000e+00,1.0000000169e-16,0.0000000000e+00,4.0392019531e+04,1.0000000000e+01,4.4588986039e-01
8.8805315939e-02,0.0000000000e+00,1.2542358041e-01,-4.2735788971e-02,9.9999997765e-03,3.1555895996e+02,0.0000000000e+00,0.0000000000e+00,0.0000000000e+00,9.9999998245e-15,1.0000000000e+00,1.0000000169e-16,0.0000000000e+00,4.0300835938e+04,1.0000000000e+01,4.4492566586e-01
8.8805315939e-02,0.0000000000e+00,1.2542358041e-01,-4.2735788971e-02,0.0000000000e+00,3.1555895996e+02,0.0000000000e+00,0.0000000000e+00,0.0000000000e+00,9.9999998245e-15,1.0000000000e+00,1.0000000169e-16,0.0000000000e+00,4.0300835938e+04,1.0000000000e+01,4.4492566586e-01
8.2660311242e-02,0.0000000000e+00,1.2802594900e-01,-4.3112125248e-02,9.9999997765e-03,3.1552960205e+02,0.0000000000e+00,0.0000000000e+00,0.0000000000e+00,9.9999998245e-15,1.0000000000e+00,1.0000000169e-16,0.0000000000e+00,4.0211585938e+04,1.0000000000e+01,4.4398164749e-01
8.2660311242e-02,0.0000000000e+00,1.2802594900e-01,-4.3112125248e-02,0.0000000000e+00,3.1552960205e+02,0.0000000000e+00,0.0000000000e+00,0.0000000000e+00,9.9999998245e-15,1.0000000000e+00,1.0000000169e-16,0.0000000000e+00,4.0211585938e+04,1.0000000000e+01,4.4398164749e-01
7.6645341766e-02,0.0000000000e+00,1.3062918186e-01,-4.3482508510e-02,9.9999997765e-03,3.1550085449e+02,0.0000000000e+00,0.0000000000e+00,0.0000000000e+00,9.9999998245e-15,1.0000000000e+00,1.0000000169e-16,0.0000000000e+00,4.0124218750e+04,1.0000000000e+01,4.4305738807e-01
7.6645341766e-02,0.0000000000e+00,1.3062918186e-01,-4.3482508510e-02,0.0000000000e+00,3.1550085449e+02,0.0000000000e+00,0.0000000000e+00,0.0000000000e+00,9.9999998245e-15,1.0000000000e+00,1.0000000169e-16,0.0000000000e+00,4.0124218750e+04,1.0000000000e+01,4.4305738807e-01
7.0755028599e-02,0.0000000000e+00,1.3323324919e-01,-4.3847054243e-02,9.9999997765e-03,3.1547280884e+02,0.0000000000e+00,0.0000000000e+00,0.0000000000e+00,9.9999998245e-15,1.0000000000e+00,1.0000000169e-16,0.0000000000e+00,4.0038667969e+04,1.0000000000e+01,4.4215202332e-01
7.0755028599e-02,0.0000000000e+00,1.3323324919e-01,-4.3847054243e-02,0.0000000000e+00,3.1547280884e+02,0.0000000000e+00,0.0000000000e+00,0.0000000000e+00,9.9999998245e-15,1.0000000000e+00,1.0000000169e-16,0.0000000000e+00,4.0038667969e+04,1.0000000000e+01,4.4215202332e-01
6.4983723883e-02,0.0000000000e+00,1.3583809137e-01,-4.4205892831e-02,9.9999997765e-03,3.1544531250e+02,0.0000000000e+00,0.0000000000e+00,0.0000000000e+00,9.9999998245e-15,1.0000000000e+00,1.0000000169e-16,0.0000000000e+00,3.9954843750e+04,1.0000000000e+01,4.4126483798e-01
6.4983723883e-02,0.0000000000e+00,1.3583809137e-01,-4.4205892831e-02,0.0000000000e+00,3.1544531250e+02,0.0000000000e+00,0.0000000000e+00,0.0000000000e+00,9.9999998245e-15,1.0000000000e+00,1.0000000169e-16,0.0000000000e+00,3.9954843750e+04,1.0000000000e+01,4.4126483798e-01
5.9329679470e-02,0.0000000000e+00,1.3844370842e-01,-4.4559136033e-02,9.9999997765e-03,3.1541839600e+02,0.0000000000e+00,0.0000000000e+00,0.0000000000e+00,9.9999998245e-15,1.0000000000e+00,1.0000000169e-16,0.0000000000e+00,3.9872722656e+04,1.0000000000e+01,4.4039544463e-01
5.9329679470e-02,0.0000000000e+00,1.3844370842e-01,-4.4559136033e-02,0.0000000000e+00,3.1541839600e+02,0.0000000000e+00,0.0000000000e+00,0.0000000000e+00,9.9999998245e-15,1.0000000000e+00,1.0000000169e-16,0.0000000000e+00,3.9872722656e+04,1.0000000000e+01,4.4039544463e-01
5.3782272008e-02,0.0000000000e+00,1.4105005562e-01,-4.4906925410e-02,9.9999997765e-03,3.1539205933e+02,0.0000000000e+00,0.0000000000e+00,0.0000000000e+00,9.9999998245e-15,1.0000000000e+00,1.0000000169e-16,0.0000000000e+00,3.9792148438e+04,1.0000000000e+01,4.3954220414e-01
5.3782272008e-02,0.0000000000e+00,1.4105005562e-01,-4.4906925410e-02,0.0000000000e+00,3.1539205933e+02,0.0000000000e+00,0.0000000000e+00,0.0000000000e+00,9.9999998245e-15,1.0000000000e+00,1.0000000169e-16,0.0000000000e+00,3.9792148438e+04,1.0000000000e+01,4.3954220414e-01
4.8325095811e-02,0.0000000000e+00,1.4365710318e-01,-4.5249387622e-02,9.9999997765e-03,3.1536614990e+02,0.0000000000e+00,0.0000000000e+00,0.0000000000e+00,9.9999998245e-15,1.0000000000e+00,1.0000000169e-16,0.0000000000e+00,3.9712890625e+04,1.0000000000e+01,4.3870270252e-01
4.8325095811e-02,0.0000000000e+00,1.4365710318e-01,-4.5249387622e-02,0.0000000000e+00,3.1536614990e+02,0.0000000000e+00,0.0000000000e+00,0.0000000000e+00,9.9999998245e-15,1.0000000000e+00,1.0000000169e-16,0.0000000000e+00,3.9712890625e+04,1.0000000000e+01,4.3870270252e-01
4.2949410147e-02,0.0000000000e+00,1.4626483619e-01,-4.5586641878e-02,9.9999997765e-03,3.1534063721e+02,0.0000000000e+00,0.0000000000e+00,0.0000000000e+00,9.9999998245e-15,1.0000000000e+00,1.0000000169e-16,0.0000000000e+00,3.9634812500e+04,1.0000000000e+01,4.3787562847e-01
4.2949410147e-02,0.0000000000e+00,1.4626483619e-01,-4.5586641878e-02,0.0000000000e+00,3.1534063721e+02,0.0000000000e+00,0.0000000000e+00,0.0000000000e+00,9.9999998245e-15,1.0000000000e+00,1.0000000169e-16,0.0000000000e+00,3.9634812500e+04,1.0000000000e+01,4.3787562847e-01
3.7646877699e-02,0.0000000000e+00,1.4887322485e-01,-4.5918796211e-02,9.9999997765e-03,3.1531555176e+02,0.0000000000e+00,0.0000000000e+00,0.0000000000e+00,9.9999998245e-15,1.0000000000e+00,1.0000000169e-16,0.0000000000e+00,3.9557796875e+04,1.0000000000e+01,4.3705955148e-01
3.7646877699e-02,0.0000000000e+00,1.4887322485e-01,-4.5918796211e-02,0.0000000000e+00,3.1531555176e+02,0.0000000000e+00,0.0000000000e+00,0.0000000000e+00,9.9999998245e-15,1.0000000000e+00,1.0000000169e-16,0.0000000000e+00,3.9557796875e+04,1.0000000000e+01,4.3705955148e-01
3.2411178246e-02,0.0000000000e+00,1.5148223937e-01,-4.6245951205e-02,9.9999997765e-03,3.1529077148e+02,0.0000000000e+00,0.0000000000e+00,0.0000000000e+00,9.9999998245e-15,1.0000000000e+00,1.0000000169e-16,0.0000000000e+00,3.9481750000e+04,1.0000000000e+01,4.3625366688e-01
3.2411178246e-02,0.0000000000e+00,1.5148223937e-01,-4.6245951205e-02,0.0000000000e+00,3.1529077148e+02,0.0000000000e+00,0.0000000000e+00,0.0000000000e+00,9.9999998245e-15,1.0000000000e+00,1.0000000169e-16,0.0000000000e+00,3.9481750000e+04,1.0000000000e+01,4.3625366688e-01
2.7245673608e-02,0.0000000000e+00,1.5409187973e-01,-4.6568177640e-02,9.9999997765e-03,3.1526629639e+02,0.0000000000e+00,0.0000000000e+00,0.0000000000e+00,9.9999998245e-15,1.0000000000e+00,1.0000000169e-16,0.0000000000e+00,3.9406726562e+04,1.0000000000e+01,4.3545848131e-01
2.7245673608e-02,0.0000000000e+00,1.5409187973e-01,-4.6568177640e-02,0.0000000000e+00,3.1526629639e+02,0.0000000000e+00,0.0000000000e+00,0.0000000000e+00,9.9999998245e-15,1.0000000000e+00,1.0000000169e-16,0.0000000000e+00,3.9406726562e+04,1.0000000000e+01,4.3545848131e-01
2.2151574040e-02,0.0000000000e+00,1.5670210123e-01,-4.6885553747e-02,9.9999997765e-03,3.1524224854e+02,0.0000000000e+00,0.0000000000e+00,0.0000000000e+00,9.9999998245e-15,1.0000000000e+00,1.0000000169e-16,0.0000000000e+00,3.9332734375e+04,1.0000000000e+01,4.3467408419e-01
2.2151574040e-02,0.0000000000e+00,1.5670210123e-01,-4.6885553747e-02,0.0000000000e+00,3.1524224854e+02,0.0000000000e+00,0.0000000000e+00,0.0000000000e+00,9.9999998245e-15,1.0000000000e+00,1.0000000169e-16,0.0000000000e+00,3.9332734375e+04,1.0000000000e+01,4.3467408419e-01
1.7126459031e-02,0.0000000000e+00,1.5931290388e-01,-4.7198154032e-02,9.9999997765e-03,3.1521850586e+02,0.0000000000e+00,0.0000000000e+00,0.0000000000e+00,9.9999998245e-15,1.0000000000e+00,1.0000000169e-16,0.0000000000e+00,3.9259750000e+04,1.0000000000e+01,4.3390017748e-01
1.7126459031e-02,0.0000000000e+00,1.5931290388e-01,-4.7198154032e-02,0.0000000000e+00,3.1521850586e+02,0.0000000000e+00,0.0000000000e+00,0.0000000000e+00,9.9999998245e-15,1.0000000000e+00,1.0000000169e-16,0.0000000000e+00,3.9259750000e+04,1.0000000000e+01,4.3390017748e-01
1.2166428869e-02,0.0000000000e+00,1.6192425787e-01,-4.7506064177e-02,9.9999997765e-03,3.1519512939e+02,0.0000000000e+00,0.0000000000e+00,0.0000000000e+00,9.9999998245e-15,1.0000000000e+00,1.0000000169e-16,0.0000000000e+00,3.9187710938e+04,1.0000000000e+01,4.3313610554e-01
1.2166428869e-02,0.0000000000e+00,1.6192425787e-01,-4.7506064177e-02,0.0000000000e+00,3.1519512939e+02,0.0000000000e+00,0.0000000000e+00,0.0000000000e+00,9.9999998245e-15,1.0000000000e+00,1.0000000169e-16,0.0000000000e+00,3.9187710938e+04,1.0000000000e+01,4.3313610554e-01
7.2639530773e-03,0.0000000000e+00,1.6453616321e-01,-4.7809351236e-02,9.9999997765e-03,3.1517202759e+02,0.0000000000e+00,0.0000000000e+00,0.0000000000e+00,9.9999998245e-15,1.0000000000e+00,1.0000000169e-16,0.0000000000e+00,3.9116503906e+04,1.0000000000e+01,4.3238073587e-01
7.2639530773e-03,0.0000000000e+00,1.6453616321e-01,-4.7809351236e-02,0.0000000000e+00,3.1517202759e+02,0.0000000000e+00,0.0000000000e+00,0.0000000000e+00,9.9999998245e-15,1.0000000000e+00,1.0000000169e-16,0.0000000000e+00,3.9116503906e+04,1.0000000000e+01,4.3238073587e-01
2.4167456164e-03,0.0000000000e+00,1.6714859009e-01,-4.8108085990e-02,9.9999997765e-03,3.1514923096e+02,0.0000000000e+00,0.0000000000e+00,0.0000000000e+00,9.9999998245e-15,1.0000000000e+00,1.0000000169e-16,0.0000000000e+00,3.9046101562e+04,1.0000000000e+01,4.3163371086e-01
2.4167456164e-03,0.0000000000e+00,1.6714859009e-01,-4.8108085990e-02,0.0000000000e+00,3.1514923096e+02,0.0000000000e+00,0.0000000000e+00,0.0000000000e+00,9.9999998245e-15,1.0000000000e+00,1.0000000169e-16,0.0000000000e+00,3.9046101562e+04,1.0000000000e+01,4.3163371086e-01
-2.3774795514e-03,0.0000000000e+00,1.6976152360e-01,-4.8402335495e-02,9.9999997765e-03,3.1512677002e+02,0.0000000000e+00,0.0000000000e+00,0.0000000000e+00,9.9999998245e-15,1.0000000000e+00,1.0000000169e-16,0.0000000000e+00,3.8976468750e+04,1.0000000000e+01,4.3089473248e-01
-2.3774795514e-03,0.0000000000e+00,1.6976152360e-01,-4.8402335495e-02,0.0000000000e+00,3.1512677002e+02,0.0000000000e+00,0.0000000000e+00,0.0000000000e+00,9.9999998245e-15,1.0000000000e+00,1.0000000169e-16,0.0000000000e+00,3.8976468750e+04,1.0000000000e+01,4.3089473248e-01
-7.1175121705e-03,0.0000000000e+00,1.7237494886e-01,-4.8692144454e-02,9.9999997765e-03,3.1510452271e+02,0.0000000000e+00,0.0000000000e+00,0.0000000000e+00,9.9999998245e-15,1.0000000000e+00,1.0000000169e-16,0.0000000000e+00,3.8907625000e+04,1.0000000000e+01,4.3016400933e-01
-7.1175121705e-03,0.0000000000e+00,1.7237494886e-01,-4.8692144454e-02,0.0000000000e+00,3.1510452271e+02,0.0000000000e+00,0.0000000000e+00,0.0000000000e+00,9.9999998245e-15,1.0000000000e+00,1.0000000169e-16,0.0000000000e+00,3.8907625000e+04,1.0000000000e+01,4.3016400933e-01
-1.1802276458e-02,0.0000000000e+00,1.7498886585e-01,-4.8977572471e-02,9.9999997765e-03,3.1508258057e+02,0.0000000000e+00,0.0000000000e+00,0.0000000000e+00,9.9999998245e-15,1.0000000000e+00,1.0000000169e-16,0.0000000000e+00,3.8839578125e+04,1.0000000000e+01,4.2944157124e-01
-1.1802276458e-02,0.0000000000e+00,1.7498886585e-01,-4.8977572471e-02,0.0000000000e+00,3.1508258057e+02,0.0000000000e+00,0.0000000000e+00,0.0000000000e+00,9.9999998245e-15,1.0000000000e+00,1.0000000169e-16,0.0000000000e+00,3.8839578125e+04,1.0000000000e+01,4.2944157124e-01
-1.6437554747e-02,0.0000000000e+00,1.7760324478e-01,-4.9258679152e-02,9.9999997765e-03,3.1506094360e+02,0.0000000000e+00,0.0000000000e+00,0.0000000000e+00,9.9999998245e-15,1.0000000000e+00,1.0000000169e-16,0.0000000000e+00,3.8772257812e+04,1.0000000000e+01,4.2872664332e-01
-1.6437554747e-02,0.0000000000e+00,1.7760324478e-01,-4.9258679152e-02,0.0000000000e+00,3.1506094360e+02,0.0000000000e+00,0.0000000000e+00,0.0000000000e+00,9.9999998245e-15,1.0000000000e+00,1.0000000169e-16,0.0000000000e+00,3.8772257812e+04,1.0000000000e+01,4.2872664332e-01
-2.1027650166e-02,0.0000000000e+00,1.8021808565e-01,-4.9535520375e-02,9.9999997765e-03,3.1503955078e+02,0.0000000000e+00,0.0000000000e+00,0.0000000000e+00,9.9999998245e-15,1.0000000000e+00,1.0000000169e-16,0.0000000000e+00,3.8705585938e+04,1.0000000000e+01,4.2801854014e-01
-2.1027650166e-02,0.0000000000e+00,1.8021808565e-01,-4.9535520375e-02,0.0000000000e+00,3.1503955078e+02,0.0000000000e+00,0.0000000000e+00,0.0000000000e+00,9.9999998245e-15,1.0000000000e+00,1.0000000169e-16,0.0000000000e+00,3.8705585938e+04,1.0000000000e+01,4.2801854014e-01
-2.5574041916e-02,0.0000000000e+00,1.8283335865e-01,-4.9808140844e-02,9.9999997765e-03,3.1501837158e+02,0.0000000000e+00,0.0000000000e+00,0.0000000000e+00,9.9999998245e-15,1.0000000000e+00,1.0000000169e-16,0.0000000000e+00,3.8639554688e+04,1.0000000000e+01,4.2731705308e-01
-2.5574041916e-02,0.0000000000e+00,1.8283335865e-01,-4.9808140844e-02,0.0000000000e+00,3.1501837158e+02,0.0000000000e+00,0.0000000000e+00,0.0000000000e+00,9.9999998245e-15,1.0000000000e+00,1.0000000169e-16,0.0000000000e+00,3.8639554688e+04,1.0000000000e+01,4.2731705308e-01
-3.0078343673e-02,0.0000000000e+00,1.8544906378e-01,-5.0076596439e-02,9.9999997765e-03,3.1499743652e+02,0.0000000000e+00,0.0000000000e+00,0.0000000000e+00,9.9999998245e-15,1.0000000000e+00,1.0000000169e-16,0.0000000000e+00,3.8574132812e+04,1.0000000000e+01,4.2662191391e-01
-3.0078343673e-02,0.0000000000e+00,1.8544906378e-01,-5.0076596439e-02,0.0000000000e+00,3.1499743652e+02,0.0000000000e+00,0.0000000000e+00,0.0000000000e+00,9.9999998245e-15,1.0000000000e+00,1.0000000169e-16,0.0000000000e+00,3.8574132812e+04,1.0000000000e+01,4.2662191391e-01
-3.4544051728e-02,0.0000000000e+00,1.8806520104e-01,-5.0340924412e-02,9.9999997765e-03,3.1497671509e+02,0.0000000000e+00,0.0000000000e+00,0.0000000000e+00,9.9999998245e-15,1.0000000000e+00,1.0000000169e-16,0.0000000000e+00,3.8509273438e+04,1.0000000000e+01,4.2593258619e-01
-3.4544051728e-02,0.0000000000e+00,1.8806520104e-01,-5.0340924412e-02,0.0000000000e+00,3.1497671509e+02,0.0000000000e+00,0.0000000000e+00,0.0000000000e+00,9.9999998245e-15,1.0000000000e+00,1.0000000169e-16,0.0000000000e+00,3.8509273438e+04,1.0000000000e+01,4.2593258619e-01
-3.8970628192e-02,0.0000000000e+00,1.9068174064e-01,-5.0601165742e-02,9.9999997765e-03,3.1495620728e+02,0.0000000000e+00,0.0000000000e+00,0.0000000000e+00,9.9999998245e-15,1.0000000000e+00,1.0000000169e-16,0.0000000000e+00,3.8444976562e+04,1.0000000000e+01,4.2524915934e-01
-3.8970628192e-02,0.0000000000e+00,1.9068174064e-01,-5.0601165742e-02,0.0000000000e+00,3.1495620728e+02,0.0000000000e+00,0.0000000000e+00,0.0000000000e+00,9.9999998245e-15,1.0000000000e+00,1.0000000169e-16,0.0000000000e+00,3.8444976562e+04,1.0000000000e+01,4.2524915934e-01
-4.3357804117e-02,0.0000000000e+00,1.9329868257e-01,-5.0857357681e-02,9.9999997765e-03,3.1493591309e+02,0.0000000000e+00,0.0000000000e+00,0.0000000000e+00,9.9999998245e-15,1.0000000000e+00,1.0000000169e-16,0.0000000000e+00,3.8381257812e+04,1.0000000000e+01,4.2457163334e-01
-4.3357804117e-02,0.0000000000e+00,1.9329868257e-01,-5.0857357681e-02,0.0000000000e+00,3.1493591309e+02,0.0000000000e+00,0.0000000000e+00,0.0000000000e+00,9.9999998245e-15,1.0000000000e+00,1.0000000169e-16,0.0000000000e+00,3.8381257812e+04,1.0000000000e+01,4.2457163334e-01
-4.7702890048e-02,0.0000000000e+00,1.9591601193e-01,-5.1109522581e-02,9.9999997765e-03,3.1491583252e+02,0.0000000000e+00,0.0000000000e+00,0.0000000000e+00,9.9999998245e-15,1.0000000000e+00,1.0000000169e-16,0.0000000000e+00,3.8318148438e+04,1.0000000000e+01,4.2390060425e-01
-4.7702890048e-02,0.0000000000e+00,1.9591601193e-01,-5.1109522581e-02,0.0000000000e+00,3.1491583252e+02,0.0000000000e+00,0.0000000000e+00,0.0000000000e+00,9.9999998245e-15,1.0000000000e+00,1.0000000169e-16,0.0000000000e+00,3.8318148438e+04,1.0000000000e+01,4.2390060425e-01
-5.2001717328e-02,0.0000000000e+00,1.9853371382e-01,-5.1357697695e-02,9.9999997765e-03,3.1489608765e+02,0.0000000000e+00,0.0000000000e+00,0.0000000000e+00,9.9999998245e-15,1.0000000000e+00,1.0000000169e-16,0.0000000000e+00,3.8255710938e+04,1.0000000000e+01,4.2323637009e-01
-5.2001717328e-02,0.0000000000e+00,1.9853371382e-01,-5.1357697695e-02,0.0000000000e+00,3.1489608765e+02,0.0000000000e+00,0.0000000000e+00,0.0000000000e+00,9.9999998245e-15,1.0000000000e+00,1.0000000169e-16,0.0000000000e+00,3.8255710938e+04,1.0000000000e+01,4.2323637009e-01
-5.6262488797e-02,0.0000000000e+00,2.0115180314e-01,-5.1601927727e-02,9.9999997765e-03,3.1487646484e+02,0.0000000000e+00,0.0000000000e+00,0.0000000000e+00,9.9999998245e-15,1.0000000000e+00,1.0000000169e-16,0.0000000000e+00,3.8193828125e+04,1.0000000000e+01,4.2257803679e-01
-5.6262488797e-02,0.0000000000e+00,2.0115180314e-01,-5.1601927727e-02,0.0000000000e+00,3.1487646484e+02,0.0000000000e+00,0.0000000000e+00,0.0000000000e+00,9.9999998245e-15,1.0000000000e+00,1.0000000169e-16,0.0000000000e+00,3.8193828125e+04,1.0000000000e+01,4.2257803679e-01
-6.0479960017e-02,0.0000000000e+00,2.0377025008e-01,-5.1842231303e-02,9.9999997765e-03,3.1485714722e+02,0.0000000000e+00,0.0000000000e+00,0.0000000000e+00,9.9999998245e-15,1.0000000000e+00,1.0000000169e-16,0.0000000000e+00,3.8132570312e+04,1.0000000000e+01,4.2192625999e-01
-6.0479960017e-02,0.0000000000e+00,2.0377025008e-01,-5.1842231303e-02,0.0000000000e+00,3.1485714722e+02,0.0000000000e+00,0.0000000000e+00,0.0000000000e+00,9.9999998245e-15,1.0000000000e+00,1.0000000169e-16,0.0000000000e+00,3.8132570312e+04,1.0000000000e+01,4.2192625999e-01
-6.4660047792e-02,0.0000000000e+00,2.0638903975e-01,-5.2078668028e-02,9.9999997765e-03,3.1483804321e+02,0.0000000000e+00,0.0000000000e+00,0.0000000000e+00,9.9999998245e-15,1.0000000000e+00,1.0000000169e-16,0.0000000000e+00,3.8071859375e+04,1.0000000000e+01,4.2128002644e-01
-6.4660047792e-02,0.0000000000e+00,2.0638903975e-01,-5.2078668028e-02,0.0000000000e+00,3.1483804321e+02,0.0000000000e+00,0.0000000000e+00,0.0000000000e+00,9.9999998245e-15,1.0000000000e+00,1.0000000169e-16,0.0000000000e+00,3.8071859375e+04,1.0000000000e+01,4.2128002644e-01
-6.8808534453e-02,0.0000000000e+00,2.0900818706e-01,-5.2311271429e-02,9.9999997765e-03,3.1481903076e+02,0.0000000000e+00,0.0000000000e+00,0.0000000000e+00,9.9999998245e-15,1.0000000000e+00,1.0000000169e-16,0.0000000000e+00,3.8011601562e+04,1.0000000000e+01,4.2063868046e-01
-6.8808534453e-02,0.0000000000e+00,2.0900818706e-01,-5.2311271429e-02,0.0000000000e+00,3.1481903076e+02,0.0000000000e+00,0.0000000000e+00,0.0000000000e+00,9.9999998245e-15,1.0000000000e+00,1.0000000169e-16,0.0000000000e+00,3.8011601562e+04,1.0000000000e+01,4.2063868046e-01
-7.2924747635e-02,0.0000000000e+00,2.1162766218e-01,-5.2540086210e-02,9.9999997765e-03,3.1480029297e+02,0.0000000000e+00,0.0000000000e+00,0.0000000000e+00,9.9999998245e-15,1.0000000000e+00,1.0000000169e-16,0.0000000000e+00,3.7951820312e+04,1.0000000000e+01,4.2000210285e-01
-7.2924747635e-02,0.0000000000e+00,2.1162766218e-01,-5.2540086210e-02,0.0000000000e+00,3.1480029297e+02,0.0000000000e+00,0.0000000000e+00,0.0000000000e+00,9.9999998245e-15,1.0000000000e+00,1.0000000169e-16,0.0000000000e+00,3.7951820312e+04,1.0000000000e+01,4.2000210285e-01
-7.7020520948e-02,0.0000000000e+00,2.1424746513e-01,-5.2765157074e-02,9.9999997765e-03,3.1478161621e+02,0.0000000000e+00,0.0000000000e+00,0.0000000000e+00,9.9999998245e-15,1.0000000000e+00,1.0000000169e-16,0.0000000000e+00,3.7892328125e+04,1.0000000000e+01,4.1936868429e-01
-7.7020520948e-02,0.0000000000e+00,2.1424746513e-01,-5.2765157074e-02,0.0000000000e+00,3.1478161621e+02,0.0000000000e+00,0.0000000000e+00,0.0000000000e+00,9.9999998245e-15,1.0000000000e+00,1.0000000169e-16,0.0000000000e+00,3.7892328125e+04,1.0000000000e+01,4.1936868429e-01
-8.1099216213e-02,0.0000000000e+00,2.1686758101e-01,-5.2986536175e-02,9.9999997765e-03,3.1476306152e+02,0.0000000000e+00,0.0000000000e+00,0.0000000000e+00,9.9999998245e-15,1.0000000000e+00,1.0000000169e-16,0.0000000000e+00,3.7833089844e+04,1.0000000000e+01,4.1873773932e-01
-8.1099216213e-02,0.0000000000e+00,2.1686758101e-01,-5.2986536175e-02,0.0000000000e+00,3.1476306152e+02,0.0000000000e+00,0.0000000000e+00,0.0000000000e+00,9.9999998245e-15,1.0000000000e+00,1.0000000169e-16,0.0000000000e+00,3.7833089844e+04,1.0000000000e+01,4.1873773932e-01
-8.5172398091e-02,0.0000000000e+00,2.1948799491e-01,-5.3204271942e-02,9.9999997765e-03,3.1474447632e+02,0.0000000000e+00,0.0000000000e+00,0.0000000000e+00,9.9999998245e-15,1.0000000000e+00,1.0000000169e-16,0.0000000000e+00,3.7773929688e+04,1.0000000000e+01,4.1810759902e-01
-8.5172398091e-02,0.0000000000e+00,2.1948799491e-01,-5.3204271942e-02,0.0000000000e+00,3.1474447632e+02,0.0000000000e+00,0.0000000000e+00,0.0000000000e+00,9.9999998245e-15,1.0000000000e+00,1.0000000169e-16,0.0000000000e+00,3.7773929688e+04,1.0000000000e+01,4.1810759902e-01
-8.9246790225e-02,0.0000000000e+00,2.2210870683e-01,-5.3418397903e-02,9.9999997765e-03,3.1472589111e+02,0.0000000000e+00,0.0000000000e+00,0.0000000000e+00,9.9999998245e-15,1.0000000000e+00,1.0000000169e-16,0.0000000000e+00,3.7714750000e+04,1.0000000000e+01,4.1747725010e-01
-8.9246790225e-02,0.0000000000e+00,2.2210870683e-01,-5.3418397903e-02,0.0000000000e+00,3.1472589111e+02,0.0000000000e+00,0.0000000000e+00,0.0000000000e+00,9.9999998245e-15,1.0000000000e+00,1.0000000169e-16,0.0000000000e+00,3.7714750000e+04,1.0000000000e+01,4.1747725010e-01
-9.3328443891e-02,0.0000000000e+00,2.2472971678e-01,-5.3628955036e-02,9.9999997765e-03,3.1470727539e+02,0.0000000000e+00,0.0000000000e+00,0.0000000000e+00,9.9999998245e-15,1.0000000000e+00,1.0000000169e-16,0.0000000000e+00,3.7655468750e+04,1.0000000000e+01,4.1684564948e-01
-9.3328443891e-02,0.0000000000e+00,2.2472971678e-01,-5.3628955036e-02,0.0000000000e+00,3.1470727539e+02,0.0000000000e+00,0.0000000000e+00,0.0000000000e+00,9.9999998245e-15,1.0000000000e+00,1.0000000169e-16,0.0000000000e+00,3.7655468750e+04,1.0000000000e+01,4.1684564948e-01
-9.7420183020e-02,0.0000000000e+00,2.2735100985e-01,-5.3835950792e-02,9.9999997765e-03,3.1468859863e+02,0.0000000000e+00,0.0000000000e+00,0.0000000000e+00,9.9999998245e-15,1.0000000000e+00,1.0000000169e-16,0.0000000000e+00,3.7596039062e+04,1.0000000000e+01,4.1621249914e-01
-9.7420183020e-02,0.0000000000e+00,2.2735100985e-01,-5.3835950792e-02,0.0000000000e+00,3.1468859863e+02,0.0000000000e+00,0.0000000000e+00,0.0000000000e+00,9.9999998245e-15,1.0000000000e+00,1.0000000169e-16,0.0000000000e+00,3.7596039062e+04,1.0000000000e+01,4.1621249914e-01
-1.0151541844e-01,0.0000000000e+00,2.2997257113e-01,-5.4039396346e-02,9.9999997765e-03,3.1466986084e+02,0.0000000000e+00,0.0000000000e+00,0.0000000000e+00,9.9999998245e-15,1.0000000000e+00,1.0000000169e-16,0.0000000000e+00,3.7536558594e+04,1.0000000000e+01,4.1557875276e-01
-1.0151541844e-01,0.0000000000e+00,2.2997257113e-01,-5.4039396346e-02,0.0000000000e+00,3.1466986084e+02,0.0000000000e+00,0.0000000000e+00,0.0000000000e+00,9.9999998245e-15,1.0000000000e+00,1.0000000169e-16,0.0000000000e+00,3.7536558594e+04,1.0000000000e+01,4.1557875276e-01
-1.0561334332e-01,0.0000000000e+00,2.3259441555e-01,-5.4239299148e-02,9.9999997765e-03,3.1465109253e+02,0.0000000000e+00,0.0000000000e+00,0.0000000000e+00,9.9999998245e-15,1.0000000000e+00,1.0000000169e-16,0.0000000000e+00,3.7477039062e+04,1.0000000000e+01,4.1494452953e-01
-1.0561334332e-01,0.0000000000e+00,2.3259441555e-01,-5.4239299148e-02,0.0000000000e+00,3.1465109253e+02,0.0000000000e+00,0.0000000000e+00,0.0000000000e+00,9.9999998245e-15,1.0000000000e+00,1.0000000169e-16,0.0000000000e+00,3.7477039062e+04,1.0000000000e+01,4.1494452953e-01
-1.0971261293e-01,0.0000000000e+00,2.3521652818e-01,-5.4435659200e-02,9.9999997765e-03,3.1463232422e+02,0.0000000000e+00,0.0000000000e+00,0.0000000000e+00,9.9999998245e-15,1.0000000000e+00,1.0000000169e-16,0.0000000000e+00,3.7417500000e+04,1.0000000000e+01,4.1431003809e-01
-1.0971261293e-01,0.0000000000e+00,2.3521652818e-01,-5.4435659200e-02,0.0000000000e+00,3.1463232422e+02,0.0000000000e+00,0.0000000000e+00,0.0000000000e+00,9.9999998245e-15,1.0000000000e+00,1.0000000169e-16,0.0000000000e+00,3.7417500000e+04,1.0000000000e+01,4.1431003809e-01
-1.1381201701e-01,0.0000000000e+00,2.3783889413e-01,-5.4628476501e-02,9.9999997765e-03,3.1461352539e+02,0.0000000000e+00,0.0000000000e+00,0.0000000000e+00,9.9999998245e-15,1.0000000000e+00,1.0000000169e-16,0.0000000000e+00,3.7357960938e+04,1.0000000000e+01,4.1367548704e-01
-1.1381201701e-01,0.0000000000e+00,2.3783889413e-01,-5.4628476501e-02,0.0000000000e+00,3.1461352539e+02,0.0000000000e+00,0.0000000000e+00,0.0000000000e+00,9.9999998245e-15,1.0000000000e+00,1.0000000169e-16,0.0000000000e+00,3.7357960938e+04,1.0000000000e+01,4.1367548704e-01
-1.1790805926e-01,0.0000000000e+00,2.4046152830e-01,-5.4817754775e-02,9.9999997765e-03,3.1459475708e+02,0.0000000000e+00,0.0000000000e+00,0.0000000000e+00,9.9999998245e-15,1.0000000000e+00,1.0000000169e-16,0.0000000000e+00,3.7298468750e+04,1.0000000000e+01,4.1304135323e-01
-1.1790805926e-01,0.0000000000e+00,2.4046152830e-01,-5.4817754775e-02,0.0000000000e+00,3.1459475708e+02,0.0000000000e+00,0.0000000000e+00,0.0000000000e+00,9.9999998245e-15,1.0000000000e+00,1.0000000169e-16,0.0000000000e+00,3.7298468750e+04,1.0000000000e+01,4.1304135323e-01
-1.2200517731e-01,0.0000000000e+00,2.4308440089e-01,-5.5003501475e-02,9.9999997765e-03,3.1457598877e+02,0.0000000000e+00,0.0000000000e+00,0.0000000000e+00,9.9999998245e-15,1.0000000000e+00,1.0000000169e-16,0.0000000000e+00,3.7238960938e+04,1.0000000000e+01,4.1240695119e-01
-1.2200517731e-01,0.0000000000e+00,2.4308440089e-01,-5.5003501475e-02,0.0000000000e+00,3.1457598877e+02,0.0000000000e+00,0.0000000000e+00,0.0000000000e+00,9.9999998245e-15,1.0000000000e+00,1.0000000169e-16,0.0000000000e+00,3.7238960938e+04,1.0000000000e+01,4.1240695119e-01
-1.2610632953e-01,0.0000000000e+00,2.4570752680e-01,-5.5185716599e-02,9.9999997765e-03,3.1455712891e+02,0.0000000000e+00,0.0000000000e+00,0.0000000000e+00,9.9999998245e-15,1.0000000000e+00,1.0000000169e-16,0.0000000000e+00,3.7179390625e+04,1.0000000000e+01,4.1177195311e-01
-1.2610632953e-01,0.0000000000e+00,2.4570752680e-01,-5.5185716599e-02,0.0000000000e+00,3.1455712891e+02,0.0000000000e+00,0.0000000000e+00,0.0000000000e+00,9.9999998245e-15,1.0000000000e+00,1.0000000169e-16,0.0000000000e+00,3.7179390625e+04,1.0000000000e+01,4.1177195311e-01
-1.3020909543e-01,0.0000000000e+00,2.4833090603e-01,-5.5364407599e-02,9.9999997765e-03,3.1453833008e+02,0.0000000000e+00,0.0000000000e+00,0.0000000000e+00,9.9999998245e-15,1.0000000000e+00,1.0000000169e-16,0.0000000000e+00,3.7119804688e+04,1.0000000000e+01,4.1113656759e-01
-1.3020909543e-01,0.0000000000e+00,2.4833090603e-01,-5.5364407599e-02,0.0000000000e+00,3.1453833008e+02,0.0000000000e+00,0.0000000000e+00,0.0000000000e+00,9.9999998245e-15,1.0000000000e+00,1.0000000169e-16,0.0000000000e+00,3.7119804688e+04,1.0000000000e+01,4.1113656759e-01
-1.3432033312e-01,0.0000000000e+00,2.5095450878e-01,-5.5539574474e-02,9.9999997765e-03,3.1451947021e+02,0.0000000000e+00,0.0000000000e+00,0.0000000000e+00,9.9999998245e-15,1.0000000000e+00,1.0000000169e-16,0.0000000000e+00,3.7060089844e+04,1.0000000000e+01,4.1049984097e-01
-1.3432033312e-01,0.0000000000e+00,2.5095450878e-01,-5.5539574474e-02,0.0000000000e+00,3.1451947021e+02,0.0000000000e+00,0.0000000000e+00,0.0000000000e+00,9.9999998245e-15,1.0000000000e+00,1.0000000169e-16,0.0000000000e+00,3.7060089844e+04,1.0000000000e+01,4.1049984097e-01
-1.3844004260e-01,0.0000000000e+00,2.5357836485e-01,-5.5711213499e-02,9.9999997765e-03,3.1450048828e+02,0.0000000000e+00,0.0000000000e+00,0.0000000000e+00,9.9999998245e-15,1.0000000000e+00,1.0000000169e-16,0.0000000000e+00,3.7000253906e+04,1.0000000000e+01,4.0986180305e-01
-1.3844004260e-01,0.0000000000e+00,2.5357836485e-01,-5.5711213499e-02,0.0000000000e+00,3.1450048828e+02,0.0000000000e+00,0.0000000000e+00,0.0000000000e+00,9.9999998245e-15,1.0000000000e+00,1.0000000169e-16,0.0000000000e+00,3.7000253906e+04,1.0000000000e+01,4.0986180305e-01
-1.4257037543e-01,0.0000000000e+00,2.5620242953e-01,-5.5879332125e-02,9.9999997765e-03,3.1448144531e+02,0.0000000000e+00,0.0000000000e+00,0.0000000000e+00,9.9999998245e-15,1.0000000000e+00,1.0000000169e-16,0.0000000000e+00,3.6940265625e+04,1.0000000000e+01,4.0922200680e-01
-1.4257037543e-01,0.0000000000e+00,2.5620242953e-01,-5.5879332125e-02,0.0000000000e+00,3.1448144531e+02,0.0000000000e+00,0.0000000000e+00,0.0000000000e+00,9.9999998245e-15,1.0000000000e+00,1.0000000169e-16,0.0000000000e+00,3.6940265625e+04,1.0000000000e+01,4.0922200680e-01
-1.4672182049e-01,0.0000000000e+00,2.5882670283e-01,-5.6043937802e-02,9.9999997765e-03,3.1446231079e+02,0.0000000000e+00,0.0000000000e+00,0.0000000000e+00,9.9999998245e-15,1.0000000000e+00,1.0000000169e-16,0.0000000000e+00,3.6879968750e+04,1.0000000000e+01,4.0857893229e-01
-1.4672182049e-01,0.0000000000e+00,2.5882670283e-01,-5.6043937802e-02,0.0000000000e+00,3.1446231079e+02,0.0000000000e+00,0.0000000000e+00,0.0000000000e+00,9.9999998245e-15,1.0000000000e+00,1.0000000169e-16,0.0000000000e+00,3.6879968750e+04,1.0000000000e+01,4.0857893229e-01
-1.5090163932e-01,0.0000000000e+00,2.6145121455e-01,-5.6205034256e-02,9.9999997765e-03,3.1444299316e+02,0.0000000000e+00,0.0000000000e+00,0.0000000000e+00,9.9999998245e-15,1.0000000000e+00,1.0000000169e-16,0.0000000000e+00,3.6819257812e+04,1.0000000000e+01,4.0793144703e-01
-1.5090163932e-01,0.0000000000e+00,2.6145121455e-01,-5.6205034256e-02,0.0000000000e+00,3.1444299316e+02,0.0000000000e+00,0.0000000000e+00,0.0000000000e+00,9.9999998245e-15,1.0000000000e+00,1.0000000169e-16,0.0000000000e+00,3.6819257812e+04,1.0000000000e+01,4.0793144703e-01
-1.5511440399e-01,0.0000000000e+00,2.6407593489e-01,-5.6362606585e-02,9.9999997765e-03,3.1442343140e+02,0.0000000000e+00,0.0000000000e+00,0.0000000000e+00,9.9999998245e-15,1.0000000000e+00,1.0000000169e-16,0.0000000000e+00,3.6758070312e+04,1.0000000000e+01,4.0727883577e-01
-1.5511440399e-01,0.0000000000e+00,2.6407593489e-01,-5.6362606585e-02,0.0000000000e+00,3.1442343140e+02,0.0000000000e+00,0.0000000000e+00,0.0000000000e+00,9.9999998245e-15,1.0000000000e+00,1.0000000169e-16,0.0000000000e+00,3.6758070312e+04,1.0000000000e+01,4.0727883577e-01
-1.5936387974e-01,0.0000000000e+00,2.6670089364e-01,-5.6516651064e-02,9.9999997765e-03,3.1440368652e+02,0.0000000000e+00,0.0000000000e+00,0.0000000000e+00,9.9999998245e-15,1.0000000000e+00,1.0000000169e-16,0.0000000000e+00,3.6696351562e+04,1.0000000000e+01,4.0662050247e-01
-1.5936387974e-01,0.0000000000e+00,2.6670089364e-01,-5.6516651064e-02,0.0000000000e+00,3.1440368652e+02,0.0000000000e+00,0.0000000000e+00,0.0000000000e+00,9.9999998245e-15,1.0000000000e+00,1.0000000169e-16,0.0000000000e+00,3.6696351562e+04,1.0000000000e+01,4.0662050247e-01
-1.6365369734e-01,0.0000000000e+00,2.6932603121e-01,-5.6667134166e-02,9.9999997765e-03,3.1438366699e+02,0.0000000000e+00,0.0000000000e+00,0.0000000000e+00,9.9999998245e-15,1.0000000000e+00,1.0000000169e-16,0.0000000000e+00,3.6634042969e+04,1.0000000000e+01,4.0595591068e-01
-1.6365369734e-01,0.0000000000e+00,2.6932603121e-01,-5.6667134166e-02,0.0000000000e+00,3.1438366699e+02,0.0000000000e+00,0.0000000000e+00,0.0000000000e+00,9.9999998245e-15,1.0000000000e+00,1.0000000169e-16,0.0000000000e+00,3.6634042969e+04,1.0000000000e+01,4.0595591068e-01
-1.6797767104e-01,0.0000000000e+00,2.7195137739e-01,-5.6814011186e-02,9.9999997765e-03,3.1436343384e+02,0.0000000000e+00,0.0000000000e+00,0.0000000000e+00,9.9999998245e-15,1.0000000000e+00,1.0000000169e-16,0.0000000000e+00,3.6571242188e+04,1.0000000000e+01,4.0528610349e-01
-1.6797767104e-01,0.0000000000e+00,2.7195137739e-01,-5.6814011186e-02,0.0000000000e+00,3.1436343384e+02,0.0000000000e+00,0.0000000000e+00,0.0000000000e+00,9.9999998245e-15,1.0000000000e+00,1.0000000169e-16,0.0000000000e+00,3.6571242188e+04,1.0000000000e+01,4.0528610349e-01
-1.7232652221e-01,0.0000000000e+00,2.7457690239e-01,-5.6957241148e-02,9.9999997765e-03,3.1434307861e+02,0.0000000000e+00,0.0000000000e+00,0.0000000000e+00,9.9999998245e-15,1.0000000000e+00,1.0000000169e-16,0.0000000000e+00,3.6508078125e+04,1.0000000000e+01,4.0461227298e-01
-1.7232652221e-01,0.0000000000e+00,2.7457690239e-01,-5.6957241148e-02,0.0000000000e+00,3.1434307861e+02,0.0000000000e+00,0.0000000000e+00,0.0000000000e+00,9.9999998245e-15,1.0000000000e+00,1.0000000169e-16,0.0000000000e+00,3.6508078125e+04,1.0000000000e+01,4.0461227298e-01
-1.7669769587e-01,0.0000000000e+00,2.7720266581e-01,-5.7096760720e-02,9.9999997765e-03,3.1432250977e+02,0.0000000000e+00,0.0000000000e+00,0.0000000000e+00,9.9999998245e-15,1.0000000000e+00,1.0000000169e-16,0.0000000000e+00,3.6444585938e+04,1.0000000000e+01,4.0393507481e-01
-1.7669769587e-01,0.0000000000e+00,2.7720266581e-01,-5.7096760720e-02,0.0000000000e+00,3.1432250977e+02,0.0000000000e+00,0.0000000000e+00,0.0000000000e+00,9.9999998245e-15,1.0000000000e+00,1.0000000169e-16,0.0000000000e+00,3.6444585938e+04,1.0000000000e+01,4.0393507481e-01
-1.8107976183e-01,0.0000000000e+00,2.7982860804e-01,-5.7232517749e-02,9.9999997765e-03,3.1430200195e+02,0.0000000000e+00,0.0000000000e+00,0.0000000000e+00,9.9999998245e-15,1.0000000000e+00,1.0000000169e-16,0.0000000000e+00,3.6380941406e+04,1.0000000000e+01,4.0325599909e-01
-1.8107976183e-01,0.0000000000e+00,2.7982860804e-01,-5.7232517749e-02,0.0000000000e+00,3.1430200195e+02,0.0000000000e+00,0.0000000000e+00,0.0000000000e+00,9.9999998245e-15,1.0000000000e+00,1.0000000169e-16,0.0000000000e+00,3.6380941406e+04,1.0000000000e+01,4.0325599909e-01
-1.8547917478e-01,0.0000000000e+00,2.8245472908e-01,-5.7364471257e-02,9.9999997765e-03,3.1428121948e+02,0.0000000000e+00,0.0000000000e+00,0.0000000000e+00,9.9999998245e-15,1.0000000000e+00,1.0000000169e-16,0.0000000000e+00,3.6317042969e+04,1.0000000000e+01,4.0257430077e-01
-1.8547917478e-01,0.0000000000e+00,2.8245472908e-01,-5.7364471257e-02,0.0000000000e+00,3.1428121948e+02,0.0000000000e+00,0.0000000000e+00,0.0000000000e+00,9.9999998245e-15,1.0000000000e+00,1.0000000169e-16,0.0000000000e+00,3.6317042969e+04,1.0000000000e+01,4.0257430077e-01
-1.8988948003e-01,0.0000000000e+00,2.8508105874e-01,-5.7492569089e-02,9.9999997765e-03,3.1426062012e+02,0.0000000000e+00,0.0000000000e+00,0.0000000000e+00,9.9999998245e-15,1.0000000000e+00,1.0000000169e-16,0.0000000000e+00,3.6252984375e+04,1.0000000000e+01,4.0189057589e-01
-1.8988948003e-01,0.0000000000e+00,2.8508105874e-01,-5.7492569089e-02,0.0000000000e+00,3.1426062012e+02,0.0000000000e+00,0.0000000000e+00,0.0000000000e+00,9.9999998245e-15,1.0000000000e+00,1.0000000169e-16,0.0000000000e+00,3.6252984375e+04,1.0000000000e+01,4.0189057589e-01
-1.9432224224e-01,0.0000000000e+00,2.8770756721e-01,-5.7616762817e-02,9.9999997765e-03,3.1423956299e+02,0.0000000000e+00,0.0000000000e+00,0.0000000000e+00,9.9999998245e-15,1.0000000000e+00,1.0000000169e-16,0.0000000000e+00,3.6188601562e+04,1.0000000000e+01,4.0120375156e-01
-1.9432224224e-01,0.0000000000e+00,2.8770756721e-01,-5.7616762817e-02,0.0000000000e+00,3.1423956299e+02,0.0000000000e+00,0.0000000000e+00,0.0000000000e+00,9.9999998245e-15,1.0000000000e+00,1.0000000169e-16,0.0000000000e+00,3.6188601562e+04,1.0000000000e+01,4.0120375156e-01
-1.9875271842e-01,0.0000000000e+00,2.9033428431e-01,-5.7736974210e-02,9.9999997765e-03,3.1421902466e+02,0.0000000000e+00,0.0000000000e+00,0.0000000000e+00,9.9999998245e-15,1.0000000000e+00,1.0000000169e-16,0.0000000000e+00,3.6124253906e+04,1.0000000000e+01,4.0051653981e-01
-1.9875271842e-01,0.0000000000e+00,2.9033428431e-01,-5.7736974210e-02,0.0000000000e+00,3.1421902466e+02,0.0000000000e+00,0.0000000000e+00,0.0000000000e+00,9.9999998245e-15,1.0000000000e+00,1.0000000169e-16,0.0000000000e+00,3.6124253906e+04,1.0000000000e+01,4.0051653981e-01
-2.0320511366e-01,0.0000000000e+00,2.9296115041e-01,-5.7853151113e-02,9.9999997765e-03,3.1419754028e+02,0.0000000000e+00,0.0000000000e+00,0.0000000000e+00,9.9999998245e-15,1.0000000000e+00,1.0000000169e-16,0.0000000000e+00,3.6059585938e+04,1.0000000000e+01,3.9982688427e-01
-2.0320511366e-01,0.0000000000e+00,2.9296115041e-01,-5.7853151113e-02,0.0000000000e+00,3.1419754028e+02,0.0000000000e+00,0.0000000000e+00,0.0000000000e+00,9.9999998245e-15,1.0000000000e+00,1.0000000169e-16,0.0000000000e+00,3.6059585938e+04,1.0000000000e+01,3.9982688427e-01
-2.0763585879e-01,0.0000000000e+00,2.9558822513e-01,-5.7965219021e-02,9.9999997765e-03,3.1417779541e+02,0.0000000000e+00,0.0000000000e+00,0.0000000000e+00,9.9999998245e-15,1.0000000000e+00,1.0000000169e-16,0.0000000000e+00,3.5995234375e+04,1.0000000000e+01,3.9913845062e-01
-2.0763585879e-01,0.0000000000e+00,2.9558822513e-01,-5.7965219021e-02,0.0000000000e+00,3.1417779541e+02,0.0000000000e+00,0.0000000000e+00,0.0000000000e+00,9.9999998245e-15,1.0000000000e+00,1.0000000169e-16,0.0000000000e+00,3.5995234375e+04,1.0000000000e+01,3.9913845062e-01
-2.1210694575e-01,0.0000000000e+00,2.9821541905e-01,-5.8073095977e-02,9.9999997765e-03,3.1415402222e+02,0.0000000000e+00,0.0000000000e+00,0.0000000000e+00,9.9999998245e-15,1.0000000000e+00,1.0000000169e-16,0.0000000000e+00,3.5930292969e+04,1.0000000000e+01,3.9844846725e-01
-2.1210694575e-01,0.0000000000e+00,2.9821541905e-01,-5.8073095977e-02,0.0000000000e+00,3.1415402222e+02,0.0000000000e+00,0.0000000000e+00,0.0000000000e+00,9.9999998245e-15,1.0000000000e+00,1.0000000169e-16,0.0000000000e+00,3.5930292969e+04,1.0000000000e+01,3.9844846725e-01
-2.1653742193e-01,0.0000000000e+00,3.0084279180e-01,-5.8176644146e-02,9.9999997765e-03,3.1413281250e+02,0.0000000000e+00,0.0000000000e+00,0.0000000000e+00,9.9999998245e-15,1.0000000000e+00,1.0000000169e-16,0.0000000000e+00,3.5865945312e+04,1.0000000000e+01,3.9776170254e-01
-2.1653742193e-01,0.0000000000e+00,3.0084279180e-01,-5.8176644146e-02,0.0000000000e+00,3.1413281250e+02,0.0000000000e+00,0.0000000000e+00,0.0000000000e+00,9.9999998245e-15,1.0000000000e+00,1.0000000169e-16,0.0000000000e+00,3.5865945312e+04,1.0000000000e+01,3.9776170254e-01
-2.2171852542e-01,0.0000000000e+00,3.0347043276e-01,-5.8276001364e-02,9.9999997765e-03,3.1411120605e+02,0.0000000000e+00,0.0000000000e+00,0.0000000000e+00,9.9999998245e-15,1.0000000000e+00,1.0000000169e-16,0.0000000000e+00,3.5790691406e+04,1.0000000000e+01,3.9695444703e-01
-2.2171852542e-01,0.0000000000e+00,3.0347043276e-01,-5.8276001364e-02,0.0000000000e+00,3.1411120605e+02,0.0000000000e+00,0.0000000000e+00,0.0000000000e+00,9.9999998245e-15,1.0000000000e+00,1.0000000169e-16,0.0000000000e+00,3.5790691406e+04,1.0000000000e+01,3.9695444703e-01
-2.2863110100e-01,0.0000000000e+00,3.0844986439e-01,-5.8451160789e-02,9.9999997765e-03,3.1408187866e+02,0.0000000000e+00,0.0000000000e+00,0.0000000000e+00,9.9999998245e-15,1.0000000000e+00,1.0000000169e-16,0.0000000000e+00,3.5690289062e+04,1.0000000000e+01,3.9587786794e-01
-2.2863110100e-01,0.0000000000e+00,3.0844986439e-01,-5.8451160789e-02,0.0000000000e+00,3.1408187866e+02,0.0000000000e+00,0.0000000000e+00,0.0000000000e+00,9.9999998245e-15,1.0000000000e+00,1.0000000169e-16,0.0000000000e+00,3.5690289062e+04,1.0000000000e+01,3.9587786794e-01
-2.3702731527e-01,0.0000000000e+00,3.1347936392e-01,-5.8613173664e-02,9.9999997765e-03,3.1404193115e+02,0.0000000000e+00,0.0000000000e+00,0.0000000000e+00,9.9999998245e-15,1.0000000000e+00,1.0000000169e-16,0.0000000000e+00,3.5568343750e+04,1.0000000000e+01,3.9457535744e-01
-2.3702731527e-01,0.0000000000e+00,3.1347936392e-01,-5.8613173664e-02,0.0000000000e+00,3.1404193115e+02,0.0000000000e+00,0.0000000000e+00,0.0000000000e+00,9.9999998245e-15,1.0000000000e+00,1.0000000169e-16,0.0000000000e+00,3.5568343750e+04,1.0000000000e+01,3.9457535744e-01
-2.4545190330e-01,0.0000000000e+00,3.1855949759e-01,-5.8758463711e-02,9.9999997765e-03,3.1399853516e+02,0.0000000000e+00,0.0000000000e+00,0.0000000000e+00,9.9999998245e-15,1.0000000000e+00,1.0000000169e-16,0.0000000000e+00,3.5445980469e+04,1.0000000000e+01,3.9327234030e-01
-2.4545190330e-01,0.0000000000e+00,3.1855949759e-01,-5.8758463711e-02,0.0000000000e+00,3.1399853516e+02,0.0000000000e+00,0.0000000000e+00,0.0000000000e+00,9.9999998245e-15,1.0000000000e+00,1.0000000169e-16,0.0000000000e+00,3.5445980469e+04,1.0000000000e+01,3.9327234030e-01
-2.5320600982e-01,0.0000000000e+00,3.2369115949e-01,-5.8886811137e-02,9.9999997765e-03,3.1396466064e+02,0.0000000000e+00,0.0000000000e+00,0.0000000000e+00,9.9999998245e-15,1.0000000000e+00,1.0000000169e-16,0.0000000000e+00,3.5333359375e+04,1.0000000000e+01,3.9206504822e-01
-2.5320600982e-01,0.0000000000e+00,3.2369115949e-01,-5.8886811137e-02,0.0000000000e+00,3.1396466064e+02,0.0000000000e+00,0.0000000000e+00,0.0000000000e+00,9.9999998245e-15,1.0000000000e+00,1.0000000169e-16,0.0000000000e+00,3.5333359375e+04,1.0000000000e+01,3.9206504822e-01
-2.6077884698e-01,0.0000000000e+00,3.2887458801e-01,-5.8996941894e-02,9.9999997765e-03,3.1393008423e+02,0.0000000000e+00,0.0000000000e+00,0.0000000000e+00,9.9999998245e-15,1.0000000000e+00,1.0000000169e-16,0.0000000000e+00,3.5223367188e+04,1.0000000000e+01,3.9088761806e-01
-2.6077884698e-01,0.0000000000e+00,3.2887458801e-01,-5.8996941894e-02,0.0000000000e+00,3.1393008423e+02,0.0000000000e+00,0.0000000000e+00,0.0000000000e+00,9.9999998245e-15,1.0000000000e+00,1.0000000169e-16,0.0000000000e+00,3.5223367188e+04,1.0000000000e+01,3.9088761806e-01
-2.6799008671e-01,0.0000000000e+00,3.3411023021e-01,-5.9087648988e-02,9.9999997765e-03,3.1389758301e+02,0.0000000000e+00,0.0000000000e+00,0.0000000000e+00,9.9999998245e-15,1.0000000000e+00,1.0000000169e-16,0.0000000000e+00,3.5118628906e+04,1.0000000000e+01,3.8976567984e-01
-2.6799008671e-01,0.0000000000e+00,3.3411023021e-01,-5.9087648988e-02,0.0000000000e+00,3.1389758301e+02,0.0000000000e+00,0.0000000000e+00,0.0000000000e+00,9.9999998245e-15,1.0000000000e+00,1.0000000169e-16,0.0000000000e+00,3.5118628906e+04,1.0000000000e+01,3.8976567984e-01
-2.7474532909e-01,0.0000000000e+00,3.3939856291e-01,-5.9157855809e-02,9.9999997765e-03,3.1386798096e+02,0.0000000000e+00,0.0000000000e+00,0.0000000000e+00,9.9999998245e-15,1.0000000000e+00,1.0000000169e-16,0.0000000000e+00,3.5020515625e+04,1.0000000000e+01,3.8871338964e-01
-2.7474532909e-01,0.0000000000e+00,3.3939856291e-01,-5.9157855809e-02,0.0000000000e+00,3.1386798096e+02,0.0000000000e+00,0.0000000000e+00,0.0000000000e+00,9.9999998245e-15,1.0000000000e+00,1.0000000169e-16,0.0000000000e+00,3.5020515625e+04,1.0000000000e+01,3.8871338964e-01
-2.8101727614e-01,0.0000000000e+00,3.4474003315e-01,-5.9206523001e-02,9.9999997765e-03,3.1384136963e+02,0.0000000000e+00,0.0000000000e+00,0.0000000000e+00,9.9999998245e-15,1.0000000000e+00,1.0000000169e-16,0.0000000000e+00,3.4929417969e+04,1.0000000000e+01,3.8773518801e-01
-2.8101727614e-01,0.0000000000e+00,3.4474003315e-01,-5.9206523001e-02,0.0000000000e+00,3.1384136963e+02,0.0000000000e+00,0.0000000000e+00,0.0000000000e+00,9.9999998245e-15,1.0000000000e+00,1.0000000169e-16,0.0000000000e+00,3.4929417969e+04,1.0000000000e+01,3.8773518801e-01
-2.8676276207e-01,0.0000000000e+00,3.5013505816e-01,-5.9232570231e-02,9.9999997765e-03,3.1381781006e+02,0.0000000000e+00,0.0000000000e+00,0.0000000000e+00,9.9999998245e-15,1.0000000000e+00,1.0000000169e-16,0.0000000000e+00,3.4845968750e+04,1.0000000000e+01,3.8683789968e-01
-2.8676276207e-01,0.0000000000e+00,3.5013505816e-01,-5.9232570231e-02,0.0000000000e+00,3.1381781006e+02,0.0000000000e+00,0.0000000000e+00,0.0000000000e+00,9.9999998245e-15,1.0000000000e+00,1.0000000169e-16,0.0000000000e+00,3.4845968750e+04,1.0000000000e+01,3.8683789968e-01
-2.9191468495e-01,0.0000000000e+00,3.5558411479e-01,-5.9234905988e-02,9.9999997765e-03,3.1379772949e+02,0.0000000000e+00,0.0000000000e+00,0.0000000000e+00,9.9999998245e-15,1.0000000000e+00,1.0000000169e-16,0.0000000000e+00,3.4771140625e+04,1.0000000000e+01,3.8603189588e-01
-2.9191468495e-01,0.0000000000e+00,3.5558411479e-01,-5.9234905988e-02,0.0000000000e+00,3.1379772949e+02,0.0000000000e+00,0.0000000000e+00,0.0000000000e+00,9.9999998245e-15,1.0000000000e+00,1.0000000169e-16,0.0000000000e+00,3.4771140625e+04,1.0000000000e+01,3.8603189588e-01
-2.9641320438e-01,0.0000000000e+00,3.6108762026e-01,-5.9212472290e-02,9.9999997765e-03,3.1378149414e+02,0.0000000000e+00,0.0000000000e+00,0.0000000000e+00,9.9999998245e-15,1.0000000000e+00,1.0000000169e-16,0.0000000000e+00,3.4705804688e+04,1.0000000000e+01,3.8532641530e-01
-2.9641320438e-01,0.0000000000e+00,3.6108762026e-01,-5.9212472290e-02,0.0000000000e+00,3.1378149414e+02,0.0000000000e+00,0.0000000000e+00,0.0000000000e+00,9.9999998245e-15,1.0000000000e+00,1.0000000169e-16,0.0000000000e+00,3.4705804688e+04,1.0000000000e+01,3.8532641530e-01
-3.0020802751e-01,0.0000000000e+00,3.6664599180e-01,-5.9164222330e-02,9.9999997765e-03,3.1376947021e+02,0.0000000000e+00,0.0000000000e+00,0.0000000000e+00,9.9999998245e-15,1.0000000000e+00,1.0000000169e-16,0.0000000000e+00,3.4650687500e+04,1.0000000000e+01,3.8472920656e-01
-3.0020802751e-01,0.0000000000e+00,3.6664599180e-01,-5.9164222330e-02,0.0000000000e+00,3.1376947021e+02,0.0000000000e+00,0.0000000000e+00,0.0000000000e+00,9.9999998245e-15,1.0000000000e+00,1.0000000169e-16,0.0000000000e+00,3.4650687500e+04,1.0000000000e+01,3.8472920656e-01
-3.0324523074e-01,0.0000000000e+00,3.7225964665e-01,-5.9089127928e-02,9.9999997765e-03,3.1376196289e+02,0.0000000000e+00,0.0000000000e+00,0.0000000000e+00,9.9999998245e-15,1.0000000000e+00,1.0000000169e-16,0.0000000000e+00,3.4606570312e+04,1.0000000000e+01,3.8424861431e-01
-3.0324523074e-01,0.0000000000e+00,3.7225964665e-01,-5.9089127928e-02,0.0000000000e+00,3.1376196289e+02,0.0000000000e+00,0.0000000000e+00,0.0000000000e+00,9.9999998245e-15,1.0000000000e+00,1.0000000169e-16,0.0000000000e+00,3.4606570312e+04,1.0000000000e+01,3.8424861431e-01
-3.0544897140e-01,0.0000000000e+00,3.7792903185e-01,-5.8986105025e-02,9.9999997765e-03,3.1375909424e+02,0.0000000000e+00,0.0000000000e+00,0.0000000000e+00,9.9999998245e-15,1.0000000000e+00,1.0000000169e-16,0.0000000000e+00,3.4574562500e+04,1.0000000000e+01,3.8389670849e-01
-3.0544897140e-01,0.0000000000e+00,3.7792903185e-01,-5.8986105025e-02,0.0000000000e+00,3.1375909424e+02,0.0000000000e+00,0.0000000000e+00,0.0000000000e+00,9.9999998245e-15,1.0000000000e+00,1.0000000169e-16,0.0000000000e+00,3.4574562500e+04,1.0000000000e+01,3.8389670849e-01
-3.0673049743e-01,0.0000000000e+00,3.8365450501e-01,-5.8854103088e-02,9.9999997765e-03,3.1376153564e+02,0.0000000000e+00,0.0000000000e+00,0.0000000000e+00,9.9999998245e-15,1.0000000000e+00,1.0000000169e-16,0.0000000000e+00,3.4555953125e+04,1.0000000000e+01,3.8368710876e-01
-3.0673049743e-01,0.0000000000e+00,3.8365450501e-01,-5.8854103088e-02,0.0000000000e+00,3.1376153564e+02,0.0000000000e+00,0.0000000000e+00,0.0000000000e+00,9.9999998245e-15,1.0000000000e+00,1.0000000169e-16,0.0000000000e+00,3.4555953125e+04,1.0000000000e+01,3.8368710876e-01
-3.0706479687e-01,0.0000000000e+00,3.8943654299e-01,-5.8692328632e-02,9.9999997765e-03,3.1376953125e+02,0.0000000000e+00,0.0000000000e+00,0.0000000000e+00,9.9999998245e-15,1.0000000000e+00,1.0000000169e-16,0.0000000000e+00,3.4551093750e+04,1.0000000000e+01,3.8362339139e-01
-3.0706479687e-01,0.0000000000e+00,3.8943654299e-01,-5.8692328632e-02,0.0000000000e+00,3.1376953125e+02,0.0000000000e+00,0.0000000000e+00,0.0000000000e+00,9.9999998245e-15,1.0000000000e+00,1.0000000169e-16,0.0000000000e+00,3.4551093750e+04,1.0000000000e+01,3.8362339139e-01
-3.0647594037e-01,0.0000000000e+00,3.9527550340e-01,-5.8500047773e-02,9.9999997765e-03,3.1378280640e+02,0.0000000000e+00,0.0000000000e+00,0.0000000000e+00,9.9999998245e-15,1.0000000000e+00,1.0000000169e-16,0.0000000000e+00,3.4559648438e+04,1.0000000000e+01,3.8370209932e-01
-3.0647594037e-01,0.0000000000e+00,3.9527550340e-01,-5.8500047773e-02,0.0000000000e+00,3.1378280640e+02,0.0000000000e+00,0.0000000000e+00,0.0000000000e+00,9.9999998245e-15,1.0000000000e+00,1.0000000169e-16,0.0000000000e+00,3.4559648438e+04,1.0000000000e+01,3.8370209932e-01
-3.0496379345e-01,0.0000000000e+00,4.0117180347e-01,-5.8276530355e-02,9.9999997765e-03,3.1380114746e+02,0.0000000000e+00,0.0000000000e+00,0.0000000000e+00,9.9999998245e-15,1.0000000000e+00,1.0000000169e-16,0.0000000000e+00,3.4581609375e+04,1.0000000000e+01,3.8392353058e-01
-3.0496379345e-01,0.0000000000e+00,4.0117180347e-01,-5.8276530355e-02,0.0000000000e+00,3.1380114746e+02,0.0000000000e+00,0.0000000000e+00,0.0000000000e+00,9.9999998245e-15,1.0000000000e+00,1.0000000169e-16,0.0000000000e+00,3.4581609375e+04,1.0000000000e+01,3.8392353058e-01
-3.0250845413e-01,0.0000000000e+00,4.0712589025e-01,-5.8021079749e-02,9.9999997765e-03,3.1382452393e+02,0.0000000000e+00,0.0000000000e+00,0.0000000000e+00,9.9999998245e-15,1.0000000000e+00,1.0000000169e-16,0.0000000000e+00,3.4617273438e+04,1.0000000000e+01,3.8429081440e-01
-3.0250845413e-01,0.0000000000e+00,4.0712589025e-01,-5.8021079749e-02,0.0000000000e+00,3.1382452393e+02,0.0000000000e+00,0.0000000000e+00,0.0000000000e+00,9.9999998245e-15,1.0000000000e+00,1.0000000169e-16,0.0000000000e+00,3.4617273438e+04,1.0000000000e+01,3.8429081440e-01
-2.9910911558e-01,0.0000000000e+00,4.1313812137e-01,-5.7733118534e-02,9.9999997765e-03,3.1385321045e+02,0.0000000000e+00,0.0000000000e+00,0.0000000000e+00,9.9999998245e-15,1.0000000000e+00,1.0000000169e-16,0.0000000000e+00,3.4666648438e+04,1.0000000000e+01,3.8480377197e-01
-2.9910911558e-01,0.0000000000e+00,4.1313812137e-01,-5.7733118534e-02,0.0000000000e+00,3.1385321045e+02,0.0000000000e+00,0.0000000000e+00,0.0000000000e+00,9.9999998245e-15,1.0000000000e+00,1.0000000169e-16,0.0000000000e+00,3.4666648438e+04,1.0000000000e+01,3.8480377197e-01
-2.9479939600e-01,0.0000000000e+00,4.1920900345e-01,-5.7412184775e-02,9.9999997765e-03,3.1388677979e+02,0.0000000000e+00,0.0000000000e+00,0.0000000000e+00,9.9999998245e-15,1.0000000000e+00,1.0000000169e-16,0.0000000000e+00,3.4729242188e+04,1.0000000000e+01,3.8545733690e-01
-2.9479939600e-01,0.0000000000e+00,4.1920900345e-01,-5.7412184775e-02,0.0000000000e+00,3.1388677979e+02,0.0000000000e+00,0.0000000000e+00,0.0000000000e+00,9.9999998245e-15,1.0000000000e+00,1.0000000169e-16,0.0000000000e+00,3.4729242188e+04,1.0000000000e+01,3.8545733690e-01
-2.8959677686e-01,0.0000000000e+00,4.2533889413e-01,-5.7057779282e-02,9.9999997765e-03,3.1392483521e+02,0.0000000000e+00,0.0000000000e+00,0.0000000000e+00,9.9999998245e-15,1.0000000000e+00,1.0000000169e-16,0.0000000000e+00,3.4804804688e+04,1.0000000000e+01,3.8624918461e-01
-2.8959677686e-01,0.0000000000e+00,4.2533889413e-01,-5.7057779282e-02,0.0000000000e+00,3.1392483521e+02,0.0000000000e+00,0.0000000000e+00,0.0000000000e+00,9.9999998245e-15,1.0000000000e+00,1.0000000169e-16,0.0000000000e+00,3.4804804688e+04,1.0000000000e+01,3.8624918461e-01
-2.8350031685e-01,0.0000000000e+00,4.3152824044e-01,-5.6669496000e-02,9.9999997765e-03,3.1396746826e+02,0.0000000000e+00,0.0000000000e+00,0.0000000000e+00,9.9999998245e-15,1.0000000000e+00,1.0000000169e-16,0.0000000000e+00,3.4893351562e+04,1.0000000000e+01,3.8717922568e-01
-2.8350031685e-01,0.0000000000e+00,4.3152824044e-01,-5.6669496000e-02,0.0000000000e+00,3.1396746826e+02,0.0000000000e+00,0.0000000000e+00,0.0000000000e+00,9.9999998245e-15,1.0000000000e+00,1.0000000169e-16,0.0000000000e+00,3.4893351562e+04,1.0000000000e+01,3.8717922568e-01
-2.7654659259e-01,0.0000000000e+00,4.3777754903e-01,-5.6247085333e-02,9.9999997765e-03,3.1401452637e+02,0.0000000000e+00,0.0000000000e+00,0.0000000000e+00,9.9999998245e-15,1.0000000000e+00,1.0000000169e-16,0.0000000000e+00,3.4994351562e+04,1.0000000000e+01,3.8824170828e-01
-2.7654659259e-01,0.0000000000e+00,4.3777754903e-01,-5.6247085333e-02,0.0000000000e+00,3.1401452637e+02,0.0000000000e+00,0.0000000000e+00,0.0000000000e+00,9.9999998245e-15,1.0000000000e+00,1.0000000169e-16,0.0000000000e+00,3.4994351562e+04,1.0000000000e+01,3.8824170828e-01
-2.6879961312e-01,0.0000000000e+00,4.4408720732e-01,-5.5790431798e-02,9.9999997765e-03,3.1406549072e+02,0.0000000000e+00,0.0000000000e+00,0.0000000000e+00,9.9999998245e-15,1.0000000000e+00,1.0000000169e-16,0.0000000000e+00,3.5106871094e+04,1.0000000000e+01,3.8942682743e-01
-2.6879961312e-01,0.0000000000e+00,4.4408720732e-01,-5.5790431798e-02,0.0000000000e+00,3.1406549072e+02,0.0000000000e+00,0.0000000000e+00,0.0000000000e+00,9.9999998245e-15,1.0000000000e+00,1.0000000169e-16,0.0000000000e+00,3.5106871094e+04,1.0000000000e+01,3.8942682743e-01
-2.6031505021e-01,0.0000000000e+00,4.5045775175e-01,-5.5299449712e-02,9.9999997765e-03,3.1411981201e+02,0.0000000000e+00,0.0000000000e+00,0.0000000000e+00,9.9999998245e-15,1.0000000000e+00,1.0000000169e-16,0.0000000000e+00,3.5230101562e+04,1.0000000000e+01,3.9072620869e-01
-2.6031505021e-01,0.0000000000e+00,4.5045775175e-01,-5.5299449712e-02,0.0000000000e+00,3.1411981201e+02,0.0000000000e+00,0.0000000000e+00,0.0000000000e+00,9.9999998245e-15,1.0000000000e+00,1.0000000169e-16,0.0000000000e+00,3.5230101562e+04,1.0000000000e+01,3.9072620869e-01
-2.5113109413e-01,0.0000000000e+00,4.5688968897e-01,-5.4774109274e-02,9.9999997765e-03,3.1417730713e+02,0.0000000000e+00,0.0000000000e+00,0.0000000000e+00,9.9999998245e-15,1.0000000000e+00,1.0000000169e-16,0.0000000000e+00,3.5363492188e+04,1.0000000000e+01,3.9213389158e-01
-2.5113109413e-01,0.0000000000e+00,4.5688968897e-01,-5.4774109274e-02,0.0000000000e+00,3.1417730713e+02,0.0000000000e+00,0.0000000000e+00,0.0000000000e+00,9.9999998245e-15,1.0000000000e+00,1.0000000169e-16,0.0000000000e+00,3.5363492188e+04,1.0000000000e+01,3.9213389158e-01
-2.4130274427e-01,0.0000000000e+00,4.6338349581e-01,-5.4214533418e-02,9.9999997765e-03,3.1423760986e+02,0.0000000000e+00,0.0000000000e+00,0.0000000000e+00,9.9999998245e-15,1.0000000000e+00,1.0000000169e-16,0.0000000000e+00,3.5506242188e+04,1.0000000000e+01,3.9364123344e-01
-2.4130274427e-01,0.0000000000e+00,4.6338349581e-01,-5.4214533418e-02,0.0000000000e+00,3.1423760986e+02,0.0000000000e+00,0.0000000000e+00,0.0000000000e+00,9.9999998245e-15,1.0000000000e+00,1.0000000169e-16,0.0000000000e+00,3.5506242188e+04,1.0000000000e+01,3.9364123344e-01
-2.3089562338e-01,0.0000000000e+00,4.6993970871e-01,-5.3620915860e-02,9.9999997765e-03,3.1430029297e+02,0.0000000000e+00,0.0000000000e+00,0.0000000000e+00,9.9999998245e-15,1.0000000000e+00,1.0000000169e-16,0.0000000000e+00,3.5657398438e+04,1.0000000000e+01,3.9523816109e-01
-2.3089562338e-01,0.0000000000e+00,4.6993970871e-01,-5.3620915860e-02,0.0000000000e+00,3.1430029297e+02,0.0000000000e+00,0.0000000000e+00,0.0000000000e+00,9.9999998245e-15,1.0000000000e+00,1.0000000169e-16,0.0000000000e+00,3.5657398438e+04,1.0000000000e+01,3.9523816109e-01
-2.1996822712e-01,0.0000000000e+00,4.7655892372e-01,-5.2993532270e-02,9.9999997765e-03,3.1436486816e+02,0.0000000000e+00,0.0000000000e+00,0.0000000000e+00,9.9999998245e-15,1.0000000000e+00,1.0000000169e-16,0.0000000000e+00,3.5816113281e+04,1.0000000000e+01,3.9691585302e-01
-2.1996822712e-01,0.0000000000e+00,4.7655892372e-01,-5.2993532270e-02,0.0000000000e+00,3.1436486816e+02,0.0000000000e+00,0.0000000000e+00,0.0000000000e+00,9.9999998245e-15,1.0000000000e+00,1.0000000169e-16,0.0000000000e+00,3.5816113281e+04,1.0000000000e+01,3.9691585302e-01
-2.0856762099e-01,0.0000000000e+00,4.8324170709e-01,-5.2332684398e-02,9.9999997765e-03,3.1443103027e+02,0.0000000000e+00,0.0000000000e+00,0.0000000000e+00,9.9999998245e-15,1.0000000000e+00,1.0000000169e-16,0.0000000000e+00,3.5981699219e+04,1.0000000000e+01,3.9866691828e-01
-2.0856762099e-01,0.0000000000e+00,4.8324170709e-01,-5.2332684398e-02,0.0000000000e+00,3.1443103027e+02,0.0000000000e+00,0.0000000000e+00,0.0000000000e+00,9.9999998245e-15,1.0000000000e+00,1.0000000169e-16,0.0000000000e+00,3.5981699219e+04,1.0000000000e+01,3.9866691828e-01
-1.9675431776e-01,0.0000000000e+00,4.8998865485e-01,-5.1638882607e-02,9.9999997765e-03,3.1449859619e+02,0.0000000000e+00,0.0000000000e+00,0.0000000000e+00,9.9999998245e-15,1.0000000000e+00,1.0000000169e-16,0.0000000000e+00,3.6153281250e+04,1.0000000000e+01,4.0048193932e-01
-1.9675431776e-01,0.0000000000e+00,4.8998865485e-01,-5.1638882607e-02,0.0000000000e+00,3.1449859619e+02,0.0000000000e+00,0.0000000000e+00,0.0000000000e+00,9.9999998245e-15,1.0000000000e+00,1.0000000169e-16,0.0000000000e+00,3.6153281250e+04,1.0000000000e+01,4.0048193932e-01
-1.8459891566e-01,0.0000000000e+00,4.9680039287e-01,-5.0912663341e-02,9.9999997765e-03,3.1456689453e+02,0.0000000000e+00,0.0000000000e+00,0.0000000000e+00,9.9999998245e-15,1.0000000000e+00,1.0000000169e-16,0.0000000000e+00,3.6329828125e+04,1.0000000000e+01,4.0235024691e-01
-1.8459891566e-01,0.0000000000e+00,4.9680039287e-01,-5.0912663341e-02,0.0000000000e+00,3.1456689453e+02,0.0000000000e+00,0.0000000000e+00,0.0000000000e+00,9.9999998245e-15,1.0000000000e+00,1.0000000169e-16,0.0000000000e+00,3.6329828125e+04,1.0000000000e+01,4.0235024691e-01
-1.7215305226e-01,0.0000000000e+00,5.0367760658e-01,-5.0154637545e-02,9.9999997765e-03,3.1463568115e+02,0.0000000000e+00,0.0000000000e+00,0.0000000000e+00,9.9999998245e-15,1.0000000000e+00,1.0000000169e-16,0.0000000000e+00,3.6510593750e+04,1.0000000000e+01,4.0426385403e-01
-1.7215305226e-01,0.0000000000e+00,5.0367760658e-01,-5.0154637545e-02,0.0000000000e+00,3.1463568115e+02,0.0000000000e+00,0.0000000000e+00,0.0000000000e+00,9.9999998245e-15,1.0000000000e+00,1.0000000169e-16,0.0000000000e+00,3.6510593750e+04,1.0000000000e+01,4.0426385403e-01
-1.5948046768e-01,0.0000000000e+00,5.1062095165e-01,-4.9365565181e-02,9.9999997765e-03,3.1470458984e+02,0.0000000000e+00,0.0000000000e+00,0.0000000000e+00,9.9999998245e-15,1.0000000000e+00,1.0000000169e-16,0.0000000000e+00,3.6694656250e+04,1.0000000000e+01,4.0621286631e-01
-1.5948046768e-01,0.0000000000e+00,5.1062095165e-01,-4.9365565181e-02,0.0000000000e+00,3.1470458984e+02,0.0000000000e+00,0.0000000000e+00,0.0000000000e+00,9.9999998245e-15,1.0000000000e+00,1.0000000169e-16,0.0000000000e+00,3.6694656250e+04,1.0000000000e+01,4.0621286631e-01
-1.4665471855e-01,0.0000000000e+00,5.1763117313e-01,-4.8546299338e-02,9.9999997765e-03,3.1477325439e+02,0.0000000000e+00,0.0000000000e+00,0.0000000000e+00,9.9999998245e-15,1.0000000000e+00,1.0000000169e-16,0.0000000000e+00,3.6880941406e+04,1.0000000000e+01,4.0818601847e-01
-1.4665471855e-01,0.0000000000e+00,5.1763117313e-01,-4.8546299338e-02,0.0000000000e+00,3.1477325439e+02,0.0000000000e+00,0.0000000000e+00,0.0000000000e+00,9.9999998245e-15,1.0000000000e+00,1.0000000169e-16,0.0000000000e+00,3.6880941406e+04,1.0000000000e+01,4.0818601847e-01
-1.3375151307e-01,0.0000000000e+00,5.2470898628e-01,-4.7697801143e-02,9.9999997765e-03,3.1484127808e+02,0.0000000000e+00,0.0000000000e+00,0.0000000000e+00,9.9999998245e-15,1.0000000000e+00,1.0000000169e-16,0.0000000000e+00,3.7068351562e+04,1.0000000000e+01,4.1017153859e-01
-1.3375151307e-01,0.0000000000e+00,5.2470898628e-01,-4.7697801143e-02,0.0000000000e+00,3.1484127808e+02,0.0000000000e+00,0.0000000000e+00,0.0000000000e+00,9.9999998245e-15,1.0000000000e+00,1.0000000169e-16,0.0000000000e+00,3.7068351562e+04,1.0000000000e+01,4.1017153859e-01
-1.2083849107e-01,0.0000000000e+00,5.3185516596e-01,-4.6820998192e-02,9.9999997765e-03,3.1490826416e+02,0.0000000000e+00,0.0000000000e+00,0.0000000000e+00,9.9999998245e-15,1.0000000000e+00,1.0000000169e-16,0.0000000000e+00,3.7255906250e+04,1.0000000000e+01,4.1215920448e-01
-1.2083849107e-01,0.0000000000e+00,5.3185516596e-01,-4.6820998192e-02,0.0000000000e+00,3.1490826416e+02,0.0000000000e+00,0.0000000000e+00,0.0000000000e+00,9.9999998245e-15,1.0000000000e+00,1.0000000169e-16,0.0000000000e+00,3.7255906250e+04,1.0000000000e+01,4.1215920448e-01
-1.0793985767e-01,0.0000000000e+00,5.3907048702e-01,-4.5916639268e-02,9.9999997765e-03,3.1497393799e+02,0.0000000000e+00,0.0000000000e+00,0.0000000000e+00,9.9999998245e-15,1.0000000000e+00,1.0000000169e-16,0.0000000000e+00,3.7443250000e+04,1.0000000000e+01,4.1414541006e-01
-1.0793985767e-01,0.0000000000e+00,5.3907048702e-01,-4.5916639268e-02,0.0000000000e+00,3.1497393799e+02,0.0000000000e+00,0.0000000000e+00,0.0000000000e+00,9.9999998245e-15,1.0000000000e+00,1.0000000169e-16,0.0000000000e+00,3.7443250000e+04,1.0000000000e+01,4.1414541006e-01
-9.5050368419e-02,0.0000000000e+00,5.4635572433e-01,-4.4985417277e-02,9.9999997765e-03,3.1503845215e+02,0.0000000000e+00,0.0000000000e+00,0.0000000000e+00,9.9999998245e-15,1.0000000000e+00,1.0000000169e-16,0.0000000000e+00,3.7630460938e+04,1.0000000000e+01,4.1613081098e-01
-9.5050368419e-02,0.0000000000e+00,5.4635572433e-01,-4.4985417277e-02,0.0000000000e+00,3.1503845215e+02,0.0000000000e+00,0.0000000000e+00,0.0000000000e+00,9.9999998245e-15,1.0000000000e+00,1.0000000169e-16,0.0000000000e+00,3.7630460938e+04,1.0000000000e+01,4.1613081098e-01
-8.2179839837e-02,0.0000000000e+00,5.5371165276e-01,-4.4028110802e-02,9.9999997765e-03,3.1510195923e+02,0.0000000000e+00,0.0000000000e+00,0.0000000000e+00,9.9999998245e-15,1.0000000000e+00,1.0000000169e-16,0.0000000000e+00,3.7817394531e+04,1.0000000000e+01,4.1811376810e-01
-8.2179839837e-02,0.0000000000e+00,5.5371165276e-01,-4.4028110802e-02,0.0000000000e+00,3.1510195923e+02,0.0000000000e+00,0.0000000000e+00,0.0000000000e+00,9.9999998245e-15,1.0000000000e+00,1.0000000169e-16,0.0000000000e+00,3.7817394531e+04,1.0000000000e+01,4.1811376810e-01
-6.9350190993e-02,0.0000000000e+00,5.6113904715e-01,-4.3045535684e-02,9.9999997765e-03,3.1516424561e+02,0.0000000000e+00,0.0000000000e+00,0.0000000000e+00,9.9999998245e-15,1.0000000000e+00,1.0000000169e-16,0.0000000000e+00,3.8003734375e+04,1.0000000000e+01,4.2009094357e-01
-6.9350190993e-02,0.0000000000e+00,5.6113904715e-01,-4.3045535684e-02,0.0000000000e+00,3.1516424561e+02,0.0000000000e+00,0.0000000000e+00,0.0000000000e+00,9.9999998245e-15,1.0000000000e+00,1.0000000169e-16,0.0000000000e+00,3.8003734375e+04,1.0000000000e+01,4.2009094357e-01
-5.6580651502e-02,0.0000000000e+00,5.6863880157e-01,-4.2038567364e-02,9.9999997765e-03,3.1522528076e+02,0.0000000000e+00,0.0000000000e+00,0.0000000000e+00,9.9999998245e-15,1.0000000000e+00,1.0000000169e-16,0.0000000000e+00,3.8189203125e+04,1.0000000000e+01,4.2205935717e-01
-5.6580651502e-02,0.0000000000e+00,5.6863880157e-01,-4.2038567364e-02,0.0000000000e+00,3.1522528076e+02,0.0000000000e+00,0.0000000000e+00,0.0000000000e+00,9.9999998245e-15,1.0000000000e+00,1.0000000169e-16,0.0000000000e+00,3.8189203125e+04,1.0000000000e+01,4.2205935717e-01
-4.3895023054e-02,0.0000000000e+00,5.7621175051e-01,-4.1008133441e-02,9.9999997765e-03,3.1528509521e+02,0.0000000000e+00,0.0000000000e+00,0.0000000000e+00,9.9999998245e-15,1.0000000000e+00,1.0000000169e-16,0.0000000000e+00,3.8373453125e+04,1.0000000000e+01,4.2401519418e-01
-4.3895023054e-02,0.0000000000e+00,5.7621175051e-01,-4.1008133441e-02,0.0000000000e+00,3.1528509521e+02,0.0000000000e+00,0.0000000000e+00,0.0000000000e+00,9.9999998245e-15,1.0000000000e+00,1.0000000169e-16,0.0000000000e+00,3.8373453125e+04,1.0000000000e+01,4.2401519418e-01
-3.1312131845e-02,0.0000000000e+00,5.8385872841e-01,-3.9955116808e-02,9.9999997765e-03,3.1534344482e+02,0.0000000000e+00,0.0000000000e+00,0.0000000000e+00,9.9999998245e-15,1.0000000000e+00,1.0000000169e-16,0.0000000000e+00,3.8556210938e+04,1.0000000000e+01,4.2595574260e-01
-3.1312131845e-02,0.0000000000e+00,5.8385872841e-01,-3.9955116808e-02,0.0000000000e+00,3.1534344482e+02,0.0000000000e+00,0.0000000000e+00,0.0000000000e+00,9.9999998245e-15,1.0000000000e+00,1.0000000169e-16,0.0000000000e+00,3.8556210938e+04,1.0000000000e+01,4.2595574260e-01
-1.8825388706e-02,0.0000000000e+00,5.9158056974e-01,-3.8880292326e-02,9.9999997765e-03,3.1540054321e+02,0.0000000000e+00,0.0000000000e+00,0.0000000000e+00,9.9999998245e-15,1.0000000000e+00,1.0000000169e-16,0.0000000000e+00,3.8737574219e+04,1.0000000000e+01,4.2788189650e-01
-1.8825388706e-02,0.0000000000e+00,5.9158056974e-01,-3.8880292326e-02,0.0000000000e+00,3.1540054321e+02,0.0000000000e+00,0.0000000000e+00,0.0000000000e+00,9.9999998245e-15,1.0000000000e+00,1.0000000169e-16,0.0000000000e+00,3.8737574219e+04,1.0000000000e+01,4.2788189650e-01
-6.4291457778e-03,0.0000000000e+00,5.9937828779e-01,-3.7784498185e-02,9.9999997765e-03,3.1545648193e+02,0.0000000000e+00,0.0000000000e+00,0.0000000000e+00,9.9999998245e-15,1.0000000000e+00,1.0000000169e-16,0.0000000000e+00,3.8917621094e+04,1.0000000000e+01,4.2979443073e-01
-6.4291457778e-03,0.0000000000e+00,5.9937828779e-01,-3.7784498185e-02,0.0000000000e+00,3.1545648193e+02,0.0000000000e+00,0.0000000000e+00,0.0000000000e+00,9.9999998245e-15,1.0000000000e+00,1.0000000169e-16,0.0000000000e+00,3.8917621094e+04,1.0000000000e+01,4.2979443073e-01
5.8790174495e-03,0.0000000000e+00,6.0725265741e-01,-3.6668546498e-02,9.9999997765e-03,3.1551129150e+02,0.0000000000e+00,0.0000000000e+00,0.0000000000e+00,9.9999998245e-15,1.0000000000e+00,1.0000000169e-16,0.0000000000e+00,3.9096390625e+04,1.0000000000e+01,4.3169373274e-01
5.8790174495e-03,0.0000000000e+00,6.0725265741e-01,-3.6668546498e-02,0.0000000000e+00,3.1551129150e+02,0.0000000000e+00,0.0000000000e+00,0.0000000000e+00,9.9999998245e-15,1.0000000000e+00,1.0000000169e-16,0.0000000000e+00,3.9096390625e+04,1.0000000000e+01,4.3169373274e-01
1.8103673052e-02,0.0000000000e+00,6.1520457268e-01,-3.5533335060e-02,9.9999997765e-03,3.1556506348e+02,0.0000000000e+00,0.0000000000e+00,0.0000000000e+00,9.9999998245e-15,1.0000000000e+00,1.0000000169e-16,0.0000000000e+00,3.9273945312e+04,1.0000000000e+01,4.3358033895e-01
1.8103673052e-02,0.0000000000e+00,6.1520457268e-01,-3.5533335060e-02,0.0000000000e+00,3.1556506348e+02,0.0000000000e+00,0.0000000000e+00,0.0000000000e+00,9.9999998245e-15,1.0000000000e+00,1.0000000169e-16,0.0000000000e+00,3.9273945312e+04,1.0000000000e+01,4.3358033895e-01
3.0244283139e-02,0.0000000000e+00,6.2323504686e-01,-3.4379791468e-02,9.9999997765e-03,3.1561782837e+02,0.0000000000e+00,0.0000000000e+00,0.0000000000e+00,9.9999998245e-15,1.0000000000e+00,1.0000000169e-16,0.0000000000e+00,3.9450277344e+04,1.0000000000e+01,4.3545418978e-01
3.0244283139e-02,0.0000000000e+00,6.2323504686e-01,-3.4379791468e-02,0.0000000000e+00,3.1561782837e+02,0.0000000000e+00,0.0000000000e+00,0.0000000000e+00,9.9999998245e-15,1.0000000000e+00,1.0000000169e-16,0.0000000000e+00,3.9450277344e+04,1.0000000000e+01,4.3545418978e-01
4.2301385602e-02,0.0000000000e+00,6.3134497404e-01,-3.3208902925e-02,9.9999997765e-03,3.1566970825e+02,0.0000000000e+00,0.0000000000e+00,0.0000000000e+00,9.9999998245e-15,1.0000000000e+00,1.0000000169e-16,0.0000000000e+00,3.9625398438e+04,1.0000000000e+01,4.3731528521e-01
4.2301385602e-02,0.0000000000e+00,6.3134497404e-01,-3.3208902925e-02,0.0000000000e+00,3.1566970825e+02,0.0000000000e+00,0.0000000000e+00,0.0000000000e+00,9.9999998245e-15,1.0000000000e+00,1.0000000169e-16,0.0000000000e+00,3.9625398438e+04,1.0000000000e+01,4.3731528521e-01
5.4275383858e-02,0.0000000000e+00,6.3953536749e-01,-3.2021716237e-02,9.9999997765e-03,3.1572073364e+02,0.0000000000e+00,0.0000000000e+00,0.0000000000e+00,9.9999998245e-15,1.0000000000e+00,1.0000000169e-16,0.0000000000e+00,3.9799312500e+04,1.0000000000e+01,4.3916368484e-01
5.4275383858e-02,0.0000000000e+00,6.3953536749e-01,-3.2021716237e-02,0.0000000000e+00,3.1572073364e+02,0.0000000000e+00,0.0000000000e+00,0.0000000000e+00,9.9999998245e-15,1.0000000000e+00,1.0000000169e-16,0.0000000000e+00,3.9799312500e+04,1.0000000000e+01,4.3916368484e-01
6.6171118930e-02,0.0000000000e+00,6.4780712128e-01,-3.0819298699e-02,9.9999997765e-03,3.1577093506e+02,0.0000000000e+00,0.0000000000e+00,0.0000000000e+00,9.9999998245e-15,1.0000000000e+00,1.0000000169e-16,0.0000000000e+00,3.9972089844e+04,1.0000000000e+01,4.4100007415e-01
6.6171118930e-02,0.0000000000e+00,6.4780712128e-01,-3.0819298699e-02,0.0000000000e+00,3.1577093506e+02,0.0000000000e+00,0.0000000000e+00,0.0000000000e+00,9.9999998245e-15,1.0000000000e+00,1.0000000169e-16,0.0000000000e+00,3.9972089844e+04,1.0000000000e+01,4.4100007415e-01
7.7991011329e-02,0.0000000000e+00,6.5616136789e-01,-2.9602862895e-02,9.9999997765e-03,3.1582037354e+02,0.0000000000e+00,0.0000000000e+00,0.0000000000e+00,9.9999998245e-15,1.0000000000e+00,1.0000000169e-16,0.0000000000e+00,4.0143765625e+04,1.0000000000e+01,4.4282478094e-01
7.7991011329e-02,0.0000000000e+00,6.5616136789e-01,-2.9602862895e-02,0.0000000000e+00,3.1582037354e+02,0.0000000000e+00,0.0000000000e+00,0.0000000000e+00,9.9999998245e-15,1.0000000000e+00,1.0000000169e-16,0.0000000000e+00,4.0143765625e+04,1.0000000000e+01,4.4282478094e-01
8.9721748244e-02,0.0000000000e+00,6.6459906101e-01,-2.8373848647e-02,9.9999997765e-03,3.1586917114e+02,0.0000000000e+00,0.0000000000e+00,0.0000000000e+00,9.9999998245e-15,1.0000000000e+00,1.0000000169e-16,0.0000000000e+00,4.0314148438e+04,1.0000000000e+01,4.4463551044e-01
8.9721748244e-02,0.0000000000e+00,6.6459906101e-01,-2.8373848647e-02,0.0000000000e+00,3.1586917114e+02,0.0000000000e+00,0.0000000000e+00,0.0000000000e+00,9.9999998245e-15,1.0000000000e+00,1.0000000169e-16,0.0000000000e+00,4.0314148438e+04,1.0000000000e+01,4.4463551044e-01
1.0133858668e-01,0.0000000000e+00,6.7312133312e-01,-2.7133846655e-02,9.9999997765e-03,3.1591717529e+02,0.0000000000e+00,0.0000000000e+00,0.0000000000e+00,9.9999998245e-15,1.0000000000e+00,1.0000000169e-16,0.0000000000e+00,4.0482875000e+04,1.0000000000e+01,4.4642859697e-01
1.0133858668e-01,0.0000000000e+00,6.7312133312e-01,-2.7133846655e-02,0.0000000000e+00,3.1591717529e+02,0.0000000000e+00,0.0000000000e+00,0.0000000000e+00,9.9999998245e-15,1.0000000000e+00,1.0000000169e-16,0.0000000000e+00,4.0482875000e+04,1.0000000000e+01,4.4642859697e-01
1.1282727251e-01,0.0000000000e+00,6.8172925711e-01,-2.5884475559e-02,9.9999997765e-03,3.1596438599e+02,0.0000000000e+00,0.0000000000e+00,0.0000000000e+00,9.9999998245e-15,1.0000000000e+00,1.0000000169e-16,0.0000000000e+00,4.0649738281e+04,1.0000000000e+01,4.4820177555e-01
1.1282727251e-01,0.0000000000e+00,6.8172925711e-01,-2.5884475559e-02,0.0000000000e+00,3.1596438599e+02,0.0000000000e+00,0.0000000000e+00,0.0000000000e+00,9.9999998245e-15,1.0000000000e+00,1.0000000169e-16,0.0000000000e+00,4.0649738281e+04,1.0000000000e+01,4.4820177555e-01
1.2418323366e-01,0.0000000000e+00,6.9042396545e-01,-2.4627389386e-02,9.9999997765e-03,3.1601074219e+02,0.0000000000e+00,0.0000000000e+00,0.0000000000e+00,9.9999998245e-15,1.0000000000e+00,1.0000000169e-16,0.0000000000e+00,4.0814675781e+04,1.0000000000e+01,4.4995433092e-01
1.2418323366e-01,0.0000000000e+00,6.9042396545e-01,-2.4627389386e-02,0.0000000000e+00,3.1601074219e+02,0.0000000000e+00,0.0000000000e+00,0.0000000000e+00,9.9999998245e-15,1.0000000000e+00,1.0000000169e-16,0.0000000000e+00,4.0814675781e+04,1.0000000000e+01,4.4995433092e-01
1.3540458751e-01,0.0000000000e+00,6.9920653105e-01,-2.3364348337e-02,9.9999997765e-03,3.1605639648e+02,0.0000000000e+00,0.0000000000e+00,0.0000000000e+00,9.9999998245e-15,1.0000000000e+00,1.0000000169e-16,0.0000000000e+00,4.0977656250e+04,1.0000000000e+01,4.5168584585e-01
1.3540458751e-01,0.0000000000e+00,6.9920653105e-01,-2.3364348337e-02,0.0000000000e+00,3.1605639648e+02,0.0000000000e+00,0.0000000000e+00,0.0000000000e+00,9.9999998245e-15,1.0000000000e+00,1.0000000169e-16,0.0000000000e+00,4.0977656250e+04,1.0000000000e+01,4.5168584585e-01
1.4647775231e-01,0.0000000000e+00,7.0807820559e-01,-2.2097373381e-02,9.9999997765e-03,3.1610137939e+02,0.0000000000e+00,0.0000000000e+00,0.0000000000e+00,9.9999998245e-15,1.0000000000e+00,1.0000000169e-16,0.0000000000e+00,4.1138488281e+04,1.0000000000e+01,4.5339408517e-01
1.4647775231e-01,0.0000000000e+00,7.0807820559e-01,-2.2097373381e-02,0.0000000000e+00,3.1610137939e+02,0.0000000000e+00,0.0000000000e+00,0.0000000000e+00,9.9999998245e-15,1.0000000000e+00,1.0000000169e-16,0.0000000000e+00,4.1138488281e+04,1.0000000000e+01,4.5339408517e-01
1.5738390186e-01,0.0000000000e+00,7.1704018116e-01,-2.0828569308e-02,9.9999997765e-03,3.1614556885e+02,0.0000000000e+00,0.0000000000e+00,0.0000000000e+00,9.9999998245e-15,1.0000000000e+00,1.0000000169e-16,0.0000000000e+00,4.1296890625e+04,1.0000000000e+01,4.5507633686e-01
1.5738390186e-01,0.0000000000e+00,7.1704018116e-01,-2.0828569308e-02,0.0000000000e+00,3.1614556885e+02,0.0000000000e+00,0.0000000000e+00,0.0000000000e+00,9.9999998245e-15,1.0000000000e+00,1.0000000169e-16,0.0000000000e+00,4.1296890625e+04,1.0000000000e+01,4.5507633686e-01
1.6811348859e-01,0.0000000000e+00,7.2609353065e-01,-1.9560199231e-02,9.9999997765e-03,3.1618896484e+02,0.0000000000e+00,0.0000000000e+00,0.0000000000e+00,9.9999998245e-15,1.0000000000e+00,1.0000000169e-16,0.0000000000e+00,4.1452734375e+04,1.0000000000e+01,4.5673093200e-01
1.6811348859e-01,0.0000000000e+00,7.2609353065e-01,-1.9560199231e-02,0.0000000000e+00,3.1618896484e+02,0.0000000000e+00,0.0000000000e+00,0.0000000000e+00,9.9999998245e-15,1.0000000000e+00,1.0000000169e-16,0.0000000000e+00,4.1452734375e+04,1.0000000000e+01,4.5673093200e-01
1.7863921452e-01,0.0000000000e+00,7.3523968458e-01,-1.8294923007e-02,9.9999997765e-03,3.1623165894e+02,0.0000000000e+00,0.0000000000e+00,0.0000000000e+00,9.9999998245e-15,1.0000000000e+00,1.0000000169e-16,0.0000000000e+00,4.1605609375e+04,1.0000000000e+01,4.5835345984e-01
1.7863921452e-01,0.0000000000e+00,7.3523968458e-01,-1.8294923007e-02,0.0000000000e+00,3.1623165894e+02,0.0000000000e+00,0.0000000000e+00,0.0000000000e+00,9.9999998245e-15,1.0000000000e+00,1.0000000169e-16,0.0000000000e+00,4.1605609375e+04,1.0000000000e+01,4.5835345984e-01
1.8891710703e-01,0.0000000000e+00,7.4447983503e-01,-1.7035543919e-02,9.9999997765e-03,3.1627325439e+02,0.0000000000e+00,0.0000000000e+00,0.0000000000e+00,9.9999998245e-15,1.0000000000e+00,1.0000000169e-16,0.0000000000e+00,4.1754890625e+04,1.0000000000e+01,4.5993748307e-01
1.8891710703e-01,0.0000000000e+00,7.4447983503e-01,-1.7035543919e-02,0.0000000000e+00,3.1627325439e+02,0.0000000000e+00,0.0000000000e+00,0.0000000000e+00,9.9999998245e-15,1.0000000000e+00,1.0000000169e-16,0.0000000000e+00,4.1754890625e+04,1.0000000000e+01,4.5993748307e-01
1.9892591942e-01,0.0000000000e+00,7.5381523371e-01,-1.5784902498e-02,9.9999997765e-03,3.1631396484e+02,0.0000000000e+00,0.0000000000e+00,0.0000000000e+00,9.9999998245e-15,1.0000000000e+00,1.0000000169e-16,0.0000000000e+00,4.1900261719e+04,1.0000000000e+01,4.6147936583e-01
1.9892591942e-01,0.0000000000e+00,7.5381523371e-01,-1.5784902498e-02,0.0000000000e+00,3.1631396484e+02,0.0000000000e+00,0.0000000000e+00,0.0000000000e+00,9.9999998245e-15,1.0000000000e+00,1.0000000169e-16,0.0000000000e+00,4.1900261719e+04,1.0000000000e+01,4.6147936583e-01
2.0863203348e-01,0.0000000000e+00,7.6324725151e-01,-1.4546121471e-02,9.9999997765e-03,3.1635375977e+02,0.0000000000e+00,0.0000000000e+00,0.0000000000e+00,9.9999998245e-15,1.0000000000e+00,1.0000000169e-16,0.0000000000e+00,4.2041234375e+04,1.0000000000e+01,4.6297383308e-01
2.0863203348e-01,0.0000000000e+00,7.6324725151e-01,-1.4546121471e-02,0.0000000000e+00,3.1635375977e+02,0.0000000000e+00,0.0000000000e+00,0.0000000000e+00,9.9999998245e-15,1.0000000000e+00,1.0000000169e-16,0.0000000000e+00,4.2041234375e+04,1.0000000000e+01,4.6297383308e-01
2.1802253981e-01,0.0000000000e+00,7.7277708054e-01,-1.3321817853e-02,9.9999997765e-03,3.1639227295e+02,0.0000000000e+00,0.0000000000e+00,0.0000000000e+00,9.9999998245e-15,1.0000000000e+00,1.0000000169e-16,0.0000000000e+00,4.2177625000e+04,1.0000000000e+01,4.6441930532e-01
2.1802253981e-01,0.0000000000e+00,7.7277708054e-01,-1.3321817853e-02,0.0000000000e+00,3.1639227295e+02,0.0000000000e+00,0.0000000000e+00,0.0000000000e+00,9.9999998245e-15,1.0000000000e+00,1.0000000169e-16,0.0000000000e+00,4.2177625000e+04,1.0000000000e+01,4.6441930532e-01
2.2714114210e-01,0.0000000000e+00,7.8240585327e-01,-1.2114350684e-02,9.9999997765e-03,3.1642996216e+02,0.0000000000e+00,0.0000000000e+00,0.0000000000e+00,9.9999998245e-15,1.0000000000e+00,1.0000000169e-16,0.0000000000e+00,4.2310070312e+04,1.0000000000e+01,4.6582210064e-01
2.2714114210e-01,0.0000000000e+00,7.8240585327e-01,-1.2114350684e-02,0.0000000000e+00,3.1642996216e+02,0.0000000000e+00,0.0000000000e+00,0.0000000000e+00,9.9999998245e-15,1.0000000000e+00,1.0000000169e-16,0.0000000000e+00,4.2310070312e+04,1.0000000000e+01,4.6582210064e-01
2.3601769329e-01,0.0000000000e+00,7.9213488102e-01,-1.0926277377e-02,9.9999997765e-03,3.1646704102e+02,0.0000000000e+00,0.0000000000e+00,0.0000000000e+00,9.9999998245e-15,1.0000000000e+00,1.0000000169e-16,0.0000000000e+00,4.2438992188e+04,1.0000000000e+01,4.6718680859e-01
2.3601769329e-01,0.0000000000e+00,7.9213488102e-01,-1.0926277377e-02,0.0000000000e+00,3.1646704102e+02,0.0000000000e+00,0.0000000000e+00,0.0000000000e+00,9.9999998245e-15,1.0000000000e+00,1.0000000169e-16,0.0000000000e+00,4.2438992188e+04,1.0000000000e+01,4.6718680859e-01
2.4467962586e-01,0.0000000000e+00,8.0196517706e-01,-9.7601525486e-03,9.9999997765e-03,3.1650350952e+02,0.0000000000e+00,0.0000000000e+00,0.0000000000e+00,9.9999998245e-15,1.0000000000e+00,1.0000000169e-16,0.0000000000e+00,4.2564804688e+04,1.0000000000e+01,4.6851778030e-01
2.4467962586e-01,0.0000000000e+00,8.0196517706e-01,-9.7601525486e-03,0.0000000000e+00,3.1650350952e+02,0.0000000000e+00,0.0000000000e+00,0.0000000000e+00,9.9999998245e-15,1.0000000000e+00,1.0000000169e-16,0.0000000000e+00,4.2564804688e+04,1.0000000000e+01,4.6851778030e-01
2.5314993466e-01,0.0000000000e+00,8.1189817190e-01,-8.6192768067e-03,9.9999997765e-03,3.1653985596e+02,0.0000000000e+00,0.0000000000e+00,0.0000000000e+00,9.9999998245e-15,1.0000000000e+00,1.0000000169e-16,0.0000000000e+00,4.2687828125e+04,1.0000000000e+01,4.6981799603e-01
2.5314993466e-01,0.0000000000e+00,8.1189817190e-01,-8.6192768067e-03,0.0000000000e+00,3.1653985596e+02,0.0000000000e+00,0.0000000000e+00,0.0000000000e+00,9.9999998245e-15,1.0000000000e+00,1.0000000169e-16,0.0000000000e+00,4.2687828125e+04,1.0000000000e+01,4.6981799603e-01
2.6139863223e-01,0.0000000000e+00,8.2193505764e-01,-7.5075370260e-03,9.9999997765e-03,3.1657568359e+02,0.0000000000e+00,0.0000000000e+00,0.0000000000e+00,9.9999998245e-15,1.0000000000e+00,1.0000000169e-16,0.0000000000e+00,4.2807632812e+04,1.0000000000e+01,4.7108328342e-01
2.6139863223e-01,0.0000000000e+00,8.2193505764e-01,-7.5075370260e-03,0.0000000000e+00,3.1657568359e+02,0.0000000000e+00,0.0000000000e+00,0.0000000000e+00,9.9999998245e-15,1.0000000000e+00,1.0000000169e-16,0.0000000000e+00,4.2807632812e+04,1.0000000000e+01,4.7108328342e-01
2.6940971633e-01,0.0000000000e+00,8.3207714558e-01,-6.4294547774e-03,9.9999997765e-03,3.1661123657e+02,0.0000000000e+00,0.0000000000e+00,0.0000000000e+00,9.9999998245e-15,1.0000000000e+00,1.0000000169e-16,0.0000000000e+00,4.2923992188e+04,1.0000000000e+01,4.7231066227e-01
2.6940971633e-01,0.0000000000e+00,8.3207714558e-01,-6.4294547774e-03,0.0000000000e+00,3.1661123657e+02,0.0000000000e+00,0.0000000000e+00,0.0000000000e+00,9.9999998245e-15,1.0000000000e+00,1.0000000169e-16,0.0000000000e+00,4.2923992188e+04,1.0000000000e+01,4.7231066227e-01
2.7713275963e-01,0.0000000000e+00,8.4232574701e-01,-5.3900000639e-03,9.9999997765e-03,3.1664569092e+02,0.0000000000e+00,0.0000000000e+00,0.0000000000e+00,9.9999998245e-15,1.0000000000e+00,1.0000000169e-16,0.0000000000e+00,4.3036164062e+04,1.0000000000e+01,4.7349339724e-01
2.7713275963e-01,0.0000000000e+00,8.4232574701e-01,-5.3900000639e-03,0.0000000000e+00,3.1664569092e+02,0.0000000000e+00,0.0000000000e+00,0.0000000000e+00,9.9999998245e-15,1.0000000000e+00,1.0000000169e-16,0.0000000000e+00,4.3036164062e+04,1.0000000000e+01,4.7349339724e-01
2.8455539064e-01,0.0000000000e+00,8.5268229246e-01,-4.3949712999e-03,9.9999997765e-03,3.1667999268e+02,0.0000000000e+00,0.0000000000e+00,0.0000000000e+00,9.9999998245e-15,1.0000000000e+00,1.0000000169e-16,0.0000000000e+00,4.3143968750e+04,1.0000000000e+01,4.7462815046e-01
2.8455539064e-01,0.0000000000e+00,8.5268229246e-01,-4.3949712999e-03,0.0000000000e+00,3.1667999268e+02,0.0000000000e+00,0.0000000000e+00,0.0000000000e+00,9.9999998245e-15,1.0000000000e+00,1.0000000169e-16,0.0000000000e+00,4.3143968750e+04,1.0000000000e+01,4.7462815046e-01
2.9158818493e-01,0.0000000000e+00,8.6314809322e-01,-3.4508029930e-03,9.9999997765e-03,3.1671246338e+02,0.0000000000e+00,0.0000000000e+00,0.0000000000e+00,9.9999998245e-15,1.0000000000e+00,1.0000000169e-16,0.0000000000e+00,4.3246117188e+04,1.0000000000e+01,4.7570309043e-01
2.9158818493e-01,0.0000000000e+00,8.6314809322e-01,-3.4508029930e-03,0.0000000000e+00,3.1671246338e+02,0.0000000000e+00,0.0000000000e+00,0.0000000000e+00,9.9999998245e-15,1.0000000000e+00,1.0000000169e-16,0.0000000000e+00,4.3246117188e+04,1.0000000000e+01,4.7570309043e-01
2.9825306157e-01,0.0000000000e+00,8.7372434139e-01,-2.5642435066e-03,9.9999997765e-03,3.1674417114e+02,0.0000000000e+00,0.0000000000e+00,0.0000000000e+00,9.9999998245e-15,1.0000000000e+00,1.0000000169e-16,0.0000000000e+00,4.3342921875e+04,1.0000000000e+01,4.7672018409e-01
2.9825306157e-01,0.0000000000e+00,8.7372434139e-01,-2.5642435066e-03,0.0000000000e+00,3.1674417114e+02,0.0000000000e+00,0.0000000000e+00,0.0000000000e+00,9.9999998245e-15,1.0000000000e+00,1.0000000169e-16,0.0000000000e+00,4.3342921875e+04,1.0000000000e+01,4.7672018409e-01
3.0449488671e-01,0.0000000000e+00,8.8441234827e-01,-1.7432401655e-03,9.9999997765e-03,3.1677307129e+02,0.0000000000e+00,0.0000000000e+00,0.0000000000e+00,9.9999998245e-15,1.0000000000e+00,1.0000000169e-16,0.0000000000e+00,4.3433578125e+04,1.0000000000e+01,4.7767373919e-01
3.0449488671e-01,0.0000000000e+00,8.8441234827e-01,-1.7432401655e-03,0.0000000000e+00,3.1677307129e+02,0.0000000000e+00,0.0000000000e+00,0.0000000000e+00,9.9999998245e-15,1.0000000000e+00,1.0000000169e-16,0.0000000000e+00,4.3433578125e+04,1.0000000000e+01,4.7767373919e-01
3.1027291506e-01,0.0000000000e+00,8.9521330595e-01,-9.9795474671e-04,9.9999997765e-03,3.1679559326e+02,0.0000000000e+00,0.0000000000e+00,0.0000000000e+00,9.9999998245e-15,1.0000000000e+00,1.0000000169e-16,0.0000000000e+00,4.3517500000e+04,1.0000000000e+01,4.7856265306e-01
3.1027291506e-01,0.0000000000e+00,8.9521330595e-01,-9.9795474671e-04,0.0000000000e+00,3.1679559326e+02,0.0000000000e+00,0.0000000000e+00,0.0000000000e+00,9.9999998245e-15,1.0000000000e+00,1.0000000169e-16,0.0000000000e+00,4.3517500000e+04,1.0000000000e+01,4.7856265306e-01
3.1516584328e-01,0.0000000000e+00,9.0612882376e-01,-3.4664306440e-04,9.9999997765e-03,3.1681219482e+02,0.0000000000e+00,0.0000000000e+00,0.0000000000e+00,9.9999998245e-15,1.0000000000e+00,1.0000000169e-16,0.0000000000e+00,4.3588566406e+04,1.0000000000e+01,4.7931909561e-01
3.1516584328e-01,0.0000000000e+00,9.0612882376e-01,-3.4664306440e-04,0.0000000000e+00,3.1681219482e+02,0.0000000000e+00,0.0000000000e+00,0.0000000000e+00,9.9999998245e-15,1.0000000000e+00,1.0000000169e-16,0.0000000000e+00,4.3588566406e+04,1.0000000000e+01,4.7931909561e-01
3.1776143776e-01,0.0000000000e+00,9.1716128588e-01,1.6286590835e-04,9.9999997765e-03,3.1683551025e+02,0.0000000000e+00,0.0000000000e+00,0.0000000000e+00,9.9999998245e-15,1.0000000000e+00,1.0000000169e-16,0.0000000000e+00,4.3626265625e+04,1.0000000000e+01,4.7969841957e-01
3.1776143776e-01,0.0000000000e+00,9.1716128588e-01,1.6286590835e-04,0.0000000000e+00,3.1683551025e+02,0.0000000000e+00,0.0000000000e+00,0.0000000000e+00,9.9999998245e-15,1.0000000000e+00,1.0000000169e-16,0.0000000000e+00,4.3626265625e+04,1.0000000000e+01,4.7969841957e-01
3.1585205811e-01,0.0000000000e+00,9.2831039429e-01,5.1725137746e-04,9.9999997765e-03,3.1680938721e+02,0.0000000000e+00,0.0000000000e+00,0.0000000000e+00,9.9999998245e-15,1.0000000000e+00,1.0000000169e-16,0.0000000000e+00,4.3598531250e+04,1.0000000000e+01,4.7943291068e-01
3.1585205811e-01,0.0000000000e+00,9.2831039429e-01,5.1725137746e-04,0.0000000000e+00,3.1680938721e+02,0.0000000000e+00,0.0000000000e+00,0.0000000000e+00,9.9999998245e-15,1.0000000000e+00,1.0000000169e-16,0.0000000000e+00,4.3598531250e+04,1.0000000000e+01,4.7943291068e-01
3.1131037291e-01,0.0000000000e+00,9.3957489729e-01,7.1448803646e-04,9.9999997765e-03,3.1679840088e+02,0.0000000000e+00,0.0000000000e+00,0.0000000000e+00,9.9999998245e-15,1.0000000000e+00,1.0000000169e-16,0.0000000000e+00,4.3532570312e+04,1.0000000000e+01,4.7872427106e-01
3.1131037291e-01,0.0000000000e+00,9.3957489729e-01,7.1448803646e-04,0.0000000000e+00,3.1679840088e+02,0.0000000000e+00,0.0000000000e+00,0.0000000000e+00,9.9999998245e-15,1.0000000000e+00,1.0000000169e-16,0.0000000000e+00,4.3532570312e+04,1.0000000000e+01,4.7872427106e-01
3.0189377885e-01,0.0000000000e+00,9.5095372200e-01,7.5293268310e-04,9.9999997765e-03,3.1670901489e+02,0.0000000000e+00,0.0000000000e+00,0.0000000000e+00,9.9999998245e-15,1.0000000000e+00,1.0000000169e-16,0.0000000000e+00,4.3395796875e+04,1.0000000000e+01,4.7735446692e-01
3.0189377885e-01,0.0000000000e+00,9.5095372200e-01,7.5293268310e-04,0.0000000000e+00,3.1670901489e+02,0.0000000000e+00,0.0000000000e+00,0.0000000000e+00,9.9999998245e-15,1.0000000000e+00,1.0000000169e-16,0.0000000000e+00,4.3395796875e+04,1.0000000000e+01,4.7735446692e-01
2.8978140805e-01,0.0000000000e+00,9.6244573593e-01,6.2940304633e-04,9.9999997765e-03,3.1670785522e+02,0.0000000000e+00,0.0000000000e+00,0.0000000000e+00,9.9999998245e-15,1.0000000000e+00,1.0000000169e-16,0.0000000000e+00,4.3219875000e+04,1.0000000000e+01,4.7542178631e-01
2.8978140805e-01,0.0000000000e+00,9.6244573593e-01,6.2940304633e-04,0.0000000000e+00,3.1670785522e+02,0.0000000000e+00,0.0000000000e+00,0.0000000000e+00,9.9999998245e-15,1.0000000000e+00,1.0000000169e-16,0.0000000000e+00,4.3219875000e+04,1.0000000000e+01,4.7542178631e-01
2.6826131840e-01,0.0000000000e+00,9.7404986620e-01,3.4465189674e-04,9.9999997765e-03,3.1647912598e+02,0.0000000000e+00,0.0000000000e+00,0.0000000000e+00,9.9999998245e-15,1.0000000000e+00,1.0000000169e-16,0.0000000000e+00,4.2907312500e+04,1.0000000000e+01,4.7232213616e-01
2.6826131840e-01,0.0000000000e+00,9.7404986620e-01,3.4465189674e-04,0.0000000000e+00,3.1647912598e+02,0.0000000000e+00,0.0000000000e+00,0.0000000000e+00,9.9999998245e-15,1.0000000000e+00,1.0000000169e-16,0.0000000000e+00,4.2907312500e+04,1.0000000000e+01,4.7232213616e-01
2.4349088609e-01,0.0000000000e+00,9.8576527834e-01,-9.3846385425e-05,9.9999997765e-03,3.1663000488e+02,0.0000000000e+00,0.0000000000e+00,0.0000000000e+00,9.9999998245e-15,1.0000000000e+00,1.0000000169e-16,0.0000000000e+00,4.2547539062e+04,1.0000000000e+01,4.6813738346e-01
2.4349088609e-01,0.0000000000e+00,9.8576527834e-01,-9.3846385425e-05,0.0000000000e+00,3.1663000488e+02,0.0000000000e+00,0.0000000000e+00,0.0000000000e+00,9.9999998245e-15,1.0000000000e+00,1.0000000169e-16,0.0000000000e+00,4.2547539062e+04,1.0000000000e+01,4.6813738346e-01
1.8348978380e-01,0.0000000000e+00,9.9759197235e-01,-6.7650002893e-04,9.9999997765e-03,2.9902398682e+02,0.0000000000e+00,0.0000000000e+00,0.0000000000e+00,9.9999998245e-15,1.0000000000e+00,1.0000000169e-16,0.0000000000e+00,4.1676062500e+04,1.0000000000e+01,4.6168163419e-01
1.8348978380e-01,0.0000000000e+00,9.9759197235e-01,-6.7650002893e-04,0.0000000000e+00,2.9902398682e+02,0.0000000000e+00,0.0000000000e+00,0.0000000000e+00,9.9999998245e-15,1.0000000000e+00,1.0000000169e-16,0.0000000000e+00,4.1676062500e+04,1.0000000000e+01,4.6168163419e-01
2.4426558403e-01,0.0000000000e+00,4.0549170808e-04,2.5458540767e-03,0.0000000000e+00,3.1765313721e+02,0.0000000000e+00,0.0000000000e+00,0.0000000000e+00,9.9999998245e-15,1.0000000000e+00,1.0000000169e-16,0.0000000000e+00,4.2558789062e+04,1.0000000000e+01,4.6670103073e-01
2.4426558403e-01,0.0000000000e+00,4.0549170808e-04,2.5458540767e-03,9.9999997765e-03,3.1765313721e+02,0.0000000000e+00,0.0000000000e+00,0.0000000000e+00,9.9999998245e-15,1.0000000000e+00,1.0000000169e-16,0.0000000000e+00,4.2558789062e+04,1.0000000000e+01,4.6670103073e-01
-1.4875800801e-01,0.0000000000e+00,1.4471047325e-03,4.8860744573e-03,0.0000000000e+00,3.1714471436e+02,0.0000000000e+00,0.0000000000e+00,0.0000000000e+00,9.9999998245e-15,1.0000000000e+00,1.0000000169e-16,0.0000000000e+00,3.6850390625e+04,1.0000000000e+01,4.0479803085e-01
-1.4875800801e-01,0.0000000000e+00,1.4471047325e-03,4.8860744573e-03,9.9999997765e-03,3.1714471436e+02,0.0000000000e+00,0.0000000000e+00,0.0000000000e+00,9.9999998245e-15,1.0000000000e+00,1.0000000169e-16,0.0000000000e+00,3.6850390625e+04,1.0000000000e+01,4.0479803085e-01
-4.4939103688e-01,0.0000000000e+00,2.9466743581e-03,6.9734351709e-03,0.0000000000e+00,3.1782458496e+02,0.0000000000e+00,0.0000000000e+00,0.0000000000e+00,9.9999998245e-15,1.0000000000e+00,1.0000000169e-16,0.0000000000e+00,3.2483906250e+04,1.0000000000e+01,3.5610991716e-01
-4.4939103688e-01,0.0000000000e+00,2.9466743581e-03,6.9734351709e-03,9.9999997765e-03,3.1782458496e+02,0.0000000000e+00,0.0000000000e+00,0.0000000000e+00,9.9999998245e-15,1.0000000000e+00,1.0000000169e-16,0.0000000000e+00,3.2483906250e+04,1.0000000000e+01,3.5610991716e-01
-6.4972999675e-01,0.0000000000e+00,4.7354046255e-03,8.8211242110e-03,0.0000000000e+00,3.1878338623e+02,0.0000000000e+00,0.0000000000e+00,0.0000000000e+00,9.9999998245e-15,1.0000000000e+00,1.0000000169e-16,0.0000000000e+00,2.9574121094e+04,1.0000000000e+01,3.2320982218e-01
-6.4972999675e-01,0.0000000000e+00,4.7354046255e-03,8.8211242110e-03,9.9999997765e-03,3.1878338623e+02,0.0000000000e+00,0.0000000000e+00,0.0000000000e+00,9.9999998245e-15,1.0000000000e+00,1.0000000169e-16,0.0000000000e+00,2.9574121094e+04,1.0000000000e+01,3.2320982218e-01
-7.8232746403e-01,0.0000000000e+00,6.7095174454e-03,1.0469041765e-02,0.0000000000e+00,3.1890255737e+02,0.0000000000e+00,0.0000000000e+00,0.0000000000e+00,9.9999998245e-15,1.0000000000e+00,1.0000000169e-16,0.0000000000e+00,2.7648234375e+04,1.0000000000e+01,3.0203384161e-01
-7.8232746403e-01,0.0000000000e+00,6.7095174454e-03,1.0469041765e-02,9.9999997765e-03,3.1890255737e+02,0.0000000000e+00,0.0000000000e+00,0.0000000000e+00,9.9999998245e-15,1.0000000000e+00,1.0000000169e-16,0.0000000000e+00,2.7648234375e+04,1.0000000000e+01,3.0203384161e-01
-8.7186727054e-01,0.0000000000e+00,8.8040530682e-03,1.1959624477e-02,0.0000000000e+00,3.1833343506e+02,0.0000000000e+00,0.0000000000e+00,0.0000000000e+00,9.9999998245e-15,1.0000000000e+00,1.0000000169e-16,0.0000000000e+00,2.6347730469e+04,1.0000000000e+01,2.8833931684e-01
-8.7186727054e-01,0.0000000000e+00,8.8040530682e-03,1.1959624477e-02,9.9999997765e-03,3.1833343506e+02,0.0000000000e+00,0.0000000000e+00,0.0000000000e+00,9.9999998245e-15,1.0000000000e+00,1.0000000169e-16,0.0000000000e+00,2.6347730469e+04,1.0000000000e+01,2.8833931684e-01
-9.3546027646e-01,0.0000000000e+00,1.0983454995e-02,1.3322222978e-02,0.0000000000e+00,3.1741351318e+02,0.0000000000e+00,0.0000000000e+00,0.0000000000e+00,9.9999998245e-15,1.0000000000e+00,1.0000000169e-16,0.0000000000e+00,2.5424085938e+04,1.0000000000e+01,2.7903828025e-01
-9.3546027646e-01,0.0000000000e+00,1.0983454995e-02,1.3322222978e-02,9.9999997765e-03,3.1741351318e+02,0.0000000000e+00,0.0000000000e+00,0.0000000000e+00,9.9999998245e-15,1.0000000000e+00,1.0000000169e-16,0.0000000000e+00,2.5424085938e+04,1.0000000000e+01,2.7903828025e-01
-9.8170635516e-01,0.0000000000e+00,1.3224465773e-02,1.4580198564e-02,0.0000000000e+00,3.1630679321e+02,0.0000000000e+00,0.0000000000e+00,0.0000000000e+00,9.9999998245e-15,1.0000000000e+00,1.0000000169e-16,0.0000000000e+00,2.4752392578e+04,1.0000000000e+01,2.7261775732e-01
-9.8170635516e-01,0.0000000000e+00,1.3224465773e-02,1.4580198564e-02,9.9999997765e-03,3.1630679321e+02,0.0000000000e+00,0.0000000000e+00,0.0000000000e+00,9.9999998245e-15,1.0000000000e+00,1.0000000169e-16,0.0000000000e+00,2.4752392578e+04,1.0000000000e+01,2.7261775732e-01
-1.0160834589e+00,0.0000000000e+00,1.5512368642e-02,1.5750685707e-02,0.0000000000e+00,3.1516833496e+02,0.0000000000e+00,0.0000000000e+00,0.0000000000e+00,9.9999998245e-15,1.0000000000e+00,1.0000000169e-16,0.0000000000e+00,2.4253089844e+04,1.0000000000e+01,2.6808461547e-01
-1.0160834589e+00,0.0000000000e+00,1.5512368642e-02,1.5750685707e-02,9.9999997765e-03,3.1516833496e+02,0.0000000000e+00,0.0000000000e+00,0.0000000000e+00,9.9999998245e-15,1.0000000000e+00,1.0000000169e-16,0.0000000000e+00,2.4253089844e+04,1.0000000000e+01,2.6808461547e-01
-1.0416223361e+00,0.0000000000e+00,1.7836563289e-02,1.6847437248e-02,0.0000000000e+00,3.1414514160e+02,0.0000000000e+00,0.0000000000e+00,0.0000000000e+00,9.9999998245e-15,1.0000000000e+00,1.0000000169e-16,0.0000000000e+00,2.3882154297e+04,1.0000000000e+01,2.6484534144e-01
-1.0416223361e+00,0.0000000000e+00,1.7836563289e-02,1.6847437248e-02,9.9999997765e-03,3.1414514160e+02,0.0000000000e+00,0.0000000000e+00,0.0000000000e+00,9.9999998245e-15,1.0000000000e+00,1.0000000169e-16,0.0000000000e+00,2.3882154297e+04,1.0000000000e+01,2.6484534144e-01
-1.0604705852e+00,0.0000000000e+00,2.0189411938e-02,1.7881343141e-02,0.0000000000e+00,3.1329962158e+02,0.0000000000e+00,0.0000000000e+00,0.0000000000e+00,9.9999998245e-15,1.0000000000e+00,1.0000000169e-16,0.0000000000e+00,2.3608396484e+04,1.0000000000e+01,2.6251679659e-01
-1.0604705852e+00,0.0000000000e+00,2.0189411938e-02,1.7881343141e-02,9.9999997765e-03,3.1329962158e+02,0.0000000000e+00,0.0000000000e+00,0.0000000000e+00,9.9999998245e-15,1.0000000000e+00,1.0000000169e-16,0.0000000000e+00,2.3608396484e+04,1.0000000000e+01,2.6251679659e-01
-1.0739892056e+00,0.0000000000e+00,2.2565281019e-02,1.8861223012e-02,0.0000000000e+00,3.1267514038e+02,0.0000000000e+00,0.0000000000e+00,0.0000000000e+00,9.9999998245e-15,1.0000000000e+00,1.0000000169e-16,0.0000000000e+00,2.3412046875e+04,1.0000000000e+01,2.6085403562e-01
-1.0739892056e+00,0.0000000000e+00,2.2565281019e-02,1.8861223012e-02,9.9999997765e-03,3.1267514038e+02,0.0000000000e+00,0.0000000000e+00,0.0000000000e+00,9.9999998245e-15,1.0000000000e+00,1.0000000169e-16,0.0000000000e+00,2.3412046875e+04,1.0000000000e+01,2.6085403562e-01
-1.0839984886e+00,0.0000000000e+00,2.4959633127e-02,1.9795004278e-02,0.0000000000e+00,3.1224755859e+02,0.0000000000e+00,0.0000000000e+00,0.0000000000e+00,9.9999998245e-15,1.0000000000e+00,1.0000000169e-16,0.0000000000e+00,2.3266669922e+04,1.0000000000e+01,2.5958952308e-01
-1.0839984886e+00,0.0000000000e+00,2.4959633127e-02,1.9795004278e-02,9.9999997765e-03,3.1224755859e+02,0.0000000000e+00,0.0000000000e+00,0.0000000000e+00,9.9999998245e-15,1.0000000000e+00,1.0000000169e-16,0.0000000000e+00,2.3266669922e+04,1.0000000000e+01,2.5958952308e-01
-1.0917237507e+00,0.0000000000e+00,2.7369573712e-02,2.0687691867e-02,0.0000000000e+00,3.1194006348e+02,0.0000000000e+00,0.0000000000e+00,0.0000000000e+00,9.9999998245e-15,1.0000000000e+00,1.0000000169e-16,0.0000000000e+00,2.3154464844e+04,1.0000000000e+01,2.5859248638e-01
-1.0917237507e+00,0.0000000000e+00,2.7369573712e-02,2.0687691867e-02,9.9999997765e-03,3.1194006348e+02,0.0000000000e+00,0.0000000000e+00,0.0000000000e+00,9.9999998245e-15,1.0000000000e+00,1.0000000169e-16,0.0000000000e+00,2.3154464844e+04,1.0000000000e+01,2.5859248638e-01
-1.0973735593e+00,0.0000000000e+00,2.9792595655e-02,2.1544190124e-02,0.0000000000e+00,3.1172857666e+02,0.0000000000e+00,0.0000000000e+00,0.0000000000e+00,9.9999998245e-15,1.0000000000e+00,1.0000000169e-16,0.0000000000e+00,2.3072406250e+04,1.0000000000e+01,2.5785100460e-01
-1.0973735593e+00,0.0000000000e+00,2.9792595655e-02,2.1544190124e-02,9.9999997765e-03,3.1172857666e+02,0.0000000000e+00,0.0000000000e+00,0.0000000000e+00,9.9999998245e-15,1.0000000000e+00,1.0000000169e-16,0.0000000000e+00,2.3072406250e+04,1.0000000000e+01,2.5785100460e-01
-1.1015345519e+00,0.0000000000e+00,3.2226771116e-02,2.2368451580e-02,0.0000000000e+00,3.1158288574e+02,0.0000000000e+00,0.0000000000e+00,0.0000000000e+00,9.9999998245e-15,1.0000000000e+00,1.0000000169e-16,0.0000000000e+00,2.3011970703e+04,1.0000000000e+01,2.5729590654e-01
-1.1015345519e+00,0.0000000000e+00,3.2226771116e-02,2.2368451580e-02,9.9999997765e-03,3.1158288574e+02,0.0000000000e+00,0.0000000000e+00,0.0000000000e+00,9.9999998245e-15,1.0000000000e+00,1.0000000169e-16,0.0000000000e+00,2.3011970703e+04,1.0000000000e+01,2.5729590654e-01
-1.1044793723e+00,0.0000000000e+00,3.4670621157e-02,2.3163599893e-02,0.0000000000e+00,3.1147256470e+02,0.0000000000e+00,0.0000000000e+00,0.0000000000e+00,9.9999998245e-15,1.0000000000e+00,1.0000000169e-16,0.0000000000e+00,2.2969199219e+04,1.0000000000e+01,2.5690871477e-01
-1.1044793723e+00,0.0000000000e+00,3.4670621157e-02,2.3163599893e-02,9.9999997765e-03,3.1147256470e+02,0.0000000000e+00,0.0000000000e+00,0.0000000000e+00,9.9999998245e-15,1.0000000000e+00,1.0000000169e-16,0.0000000000e+00,2.2969199219e+04,1.0000000000e+01,2.5690871477e-01
-1.1062086928e+00,0.0000000000e+00,3.7122912705e-02,2.3932328448e-02,0.0000000000e+00,3.1138839722e+02,0.0000000000e+00,0.0000000000e+00,0.0000000000e+00,9.9999998245e-15,1.0000000000e+00,1.0000000169e-16,0.0000000000e+00,2.2944082031e+04,1.0000000000e+01,2.5669717789e-01
-1.1062086928e+00,0.0000000000e+00,3.7122912705e-02,2.3932328448e-02,9.9999997765e-03,3.1138839722e+02,0.0000000000e+00,0.0000000000e+00,0.0000000000e+00,9.9999998245e-15,1.0000000000e+00,1.0000000169e-16,0.0000000000e+00,2.2944082031e+04,1.0000000000e+01,2.5669717789e-01
-1.1069685988e+00,0.0000000000e+00,3.9582513273e-02,2.4677347392e-02,0.0000000000e+00,3.1133258057e+02,0.0000000000e+00,0.0000000000e+00,0.0000000000e+00,9.9999998245e-15,1.0000000000e+00,1.0000000169e-16,0.0000000000e+00,2.2933044922e+04,1.0000000000e+01,2.5661975145e-01
-1.1069685988e+00,0.0000000000e+00,3.9582513273e-02,2.4677347392e-02,9.9999997765e-03,3.1133258057e+02,0.0000000000e+00,0.0000000000e+00,0.0000000000e+00,9.9999998245e-15,1.0000000000e+00,1.0000000169e-16,0.0000000000e+00,2.2933044922e+04,1.0000000000e+01,2.5661975145e-01
-1.1073492913e+00,0.0000000000e+00,4.2048532516e-02,2.5400822982e-02,0.0000000000e+00,3.1128973389e+02,0.0000000000e+00,0.0000000000e+00,0.0000000000e+00,9.9999998245e-15,1.0000000000e+00,1.0000000169e-16,0.0000000000e+00,2.2927515625e+04,1.0000000000e+01,2.5659322739e-01
-1.1073492913e+00,0.0000000000e+00,4.2048532516e-02,2.5400822982e-02,9.9999997765e-03,3.1128973389e+02,0.0000000000e+00,0.0000000000e+00,0.0000000000e+00,9.9999998245e-15,1.0000000000e+00,1.0000000169e-16,0.0000000000e+00,2.2927515625e+04,1.0000000000e+01,2.5659322739e-01
-1.1075820638e+00,0.0000000000e+00,4.4520355761e-02,2.6104189456e-02,0.0000000000e+00,3.1124740601e+02,0.0000000000e+00,0.0000000000e+00,0.0000000000e+00,9.9999998245e-15,1.0000000000e+00,1.0000000169e-16,0.0000000000e+00,2.2924134766e+04,1.0000000000e+01,2.5659030676e-01
-1.1075820638e+00,0.0000000000e+00,4.4520355761e-02,2.6104189456e-02,9.9999997765e-03,3.1124740601e+02,0.0000000000e+00,0.0000000000e+00,0.0000000000e+00,9.9999998245e-15,1.0000000000e+00,1.0000000169e-16,0.0000000000e+00,2.2924134766e+04,1.0000000000e+01,2.5659030676e-01
-1.1076298016e+00,0.0000000000e+00,4.6997409314e-02,2.6788912714e-02,0.0000000000e+00,3.1120706177e+02,0.0000000000e+00,0.0000000000e+00,0.0000000000e+00,9.9999998245e-15,1.0000000000e+00,1.0000000169e-16,0.0000000000e+00,2.2923441406e+04,1.0000000000e+01,2.5661581755e-01
-1.1076298016e+00,0.0000000000e+00,4.6997409314e-02,2.6788912714e-02,9.9999997765e-03,3.1120706177e+02,0.0000000000e+00,0.0000000000e+00,0.0000000000e+00,9.9999998245e-15,1.0000000000e+00,1.0000000169e-16,0.0000000000e+00,2.2923441406e+04,1.0000000000e+01,2.5661581755e-01
-1.1076066051e+00,0.0000000000e+00,4.9479186535e-02,2.7456313372e-02,0.0000000000e+00,3.1116827393e+02,0.0000000000e+00,0.0000000000e+00,0.0000000000e+00,9.9999998245e-15,1.0000000000e+00,1.0000000169e-16,0.0000000000e+00,2.2923777344e+04,1.0000000000e+01,2.5665158033e-01
-1.1076066051e+00,0.0000000000e+00,4.9479186535e-02,2.7456313372e-02,9.9999997765e-03,3.1116827393e+02,0.0000000000e+00,0.0000000000e+00,0.0000000000e+00,9.9999998245e-15,1.0000000000e+00,1.0000000169e-16,0.0000000000e+00,2.2923777344e+04,1.0000000000e+01,2.5665158033e-01
-1.1076395509e+00,0.0000000000e+00,5.1965270191e-02,2.8107490391e-02,0.0000000000e+00,3.1112866211e+02,0.0000000000e+00,0.0000000000e+00,0.0000000000e+00,9.9999998245e-15,1.0000000000e+00,1.0000000169e-16,0.0000000000e+00,2.2923300781e+04,1.0000000000e+01,2.5667893887e-01
-1.1076395509e+00,0.0000000000e+00,5.1965270191e-02,2.8107490391e-02,9.9999997765e-03,3.1112866211e+02,0.0000000000e+00,0.0000000000e+00,0.0000000000e+00,9.9999998245e-15,1.0000000000e+00,1.0000000169e-16,0.0000000000e+00,2.2923300781e+04,1.0000000000e+01,2.5667893887e-01
-1.1077569457e+00,0.0000000000e+00,5.4455325007e-02,2.8743315488e-02,0.0000000000e+00,3.1108471680e+02,0.0000000000e+00,0.0000000000e+00,0.0000000000e+00,9.9999998245e-15,1.0000000000e+00,1.0000000169e-16,0.0000000000e+00,2.2921593750e+04,1.0000000000e+01,2.5669613481e-01
-1.1077569457e+00,0.0000000000e+00,5.4455325007e-02,2.8743315488e-02,9.9999997765e-03,3.1108471680e+02,0.0000000000e+00,0.0000000000e+00,0.0000000000e+00,9.9999998245e-15,1.0000000000e+00,1.0000000169e-16,0.0000000000e+00,2.2921593750e+04,1.0000000000e+01,2.5669613481e-01
-1.1078574641e+00,0.0000000000e+00,5.6949060410e-02,2.9364554211e-02,0.0000000000e+00,3.1103872681e+02,0.0000000000e+00,0.0000000000e+00,0.0000000000e+00,9.9999998245e-15,1.0000000000e+00,1.0000000169e-16,0.0000000000e+00,2.2920134766e+04,1.0000000000e+01,2.5671774149e-01
-1.1078574641e+00,0.0000000000e+00,5.6949060410e-02,2.9364554211e-02,9.9999997765e-03,3.1103872681e+02,0.0000000000e+00,0.0000000000e+00,0.0000000000e+00,9.9999998245e-15,1.0000000000e+00,1.0000000169e-16,0.0000000000e+00,2.2920134766e+04,1.0000000000e+01,2.5671774149e-01
-1.1079442664e+00,0.0000000000e+00,5.9446167201e-02,2.9972100630e-02,0.0000000000e+00,3.1099304199e+02,0.0000000000e+00,0.0000000000e+00,0.0000000000e+00,9.9999998245e-15,1.0000000000e+00,1.0000000169e-16,0.0000000000e+00,2.2918875000e+04,1.0000000000e+01,2.5674134493e-01
-1.1079442664e+00,0.0000000000e+00,5.9446167201e-02,2.9972100630e-02,9.9999997765e-03,3.1099304199e+02,0.0000000000e+00,0.0000000000e+00,0.0000000000e+00,9.9999998245e-15,1.0000000000e+00,1.0000000169e-16,0.0000000000e+00,2.2918875000e+04,1.0000000000e+01,2.5674134493e-01
-1.1081168622e+00,0.0000000000e+00,6.1946395785e-02,3.0566638336e-02,0.0000000000e+00,3.1094537354e+02,0.0000000000e+00,0.0000000000e+00,0.0000000000e+00,9.9999998245e-15,1.0000000000e+00,1.0000000169e-16,0.0000000000e+00,2.2916367188e+04,1.0000000000e+01,2.5675261021e-01
-1.1081168622e+00,0.0000000000e+00,6.1946395785e-02,3.0566638336e-02,9.9999997765e-03,3.1094537354e+02,0.0000000000e+00,0.0000000000e+00,0.0000000000e+00,9.9999998245e-15,1.0000000000e+00,1.0000000169e-16,0.0000000000e+00,2.2916367188e+04,1.0000000000e+01,2.5675261021e-01
-1.1083696711e+00,0.0000000000e+00,6.4449548721e-02,3.1148750335e-02,0.0000000000e+00,3.1089562988e+02,0.0000000000e+00,0.0000000000e+00,0.0000000000e+00,9.9999998245e-15,1.0000000000e+00,1.0000000169e-16,0.0000000000e+00,2.2912695312e+04,1.0000000000e+01,2.5675255060e-01
-1.1083696711e+00,0.0000000000e+00,6.4449548721e-02,3.1148750335e-02,9.9999997765e-03,3.1089562988e+02,0.0000000000e+00,0.0000000000e+00,0.0000000000e+00,9.9999998245e-15,1.0000000000e+00,1.0000000169e-16,0.0000000000e+00,2.2912695312e+04,1.0000000000e+01,2.5675255060e-01
-1.1086512572e+00,0.0000000000e+00,6.6955439746e-02,3.1718969345e-02,0.0000000000e+00,3.1084423828e+02,0.0000000000e+00,0.0000000000e+00,0.0000000000e+00,9.9999998245e-15,1.0000000000e+00,1.0000000169e-16,0.0000000000e+00,2.2908605469e+04,1.0000000000e+01,2.5674921274e-01
-1.1086512572e+00,0.0000000000e+00,6.6955439746e-02,3.1718969345e-02,9.9999997765e-03,3.1084423828e+02,0.0000000000e+00,0.0000000000e+00,0.0000000000e+00,9.9999998245e-15,1.0000000000e+00,1.0000000169e-16,0.0000000000e+00,2.2908605469e+04,1.0000000000e+01,2.5674921274e-01
-1.1089124035e+00,0.0000000000e+00,6.9463893771e-02,3.2277815044e-02,0.0000000000e+00,3.1079238892e+02,0.0000000000e+00,0.0000000000e+00,0.0000000000e+00,9.9999998245e-15,1.0000000000e+00,1.0000000169e-16,0.0000000000e+00,2.2904812500e+04,1.0000000000e+01,2.5674951077e-01
-1.1089124035e+00,0.0000000000e+00,6.9463893771e-02,3.2277815044e-02,9.9999997765e-03,3.1079238892e+02,0.0000000000e+00,0.0000000000e+00,0.0000000000e+00,9.9999998245e-15,1.0000000000e+00,1.0000000169e-16,0.0000000000e+00,2.2904812500e+04,1.0000000000e+01,2.5674951077e-01
-1.1091641366e+00,0.0000000000e+00,7.1974731982e-02,3.2825842500e-02,0.0000000000e+00,3.1074090576e+02,0.0000000000e+00,0.0000000000e+00,0.0000000000e+00,9.9999998245e-15,1.0000000000e+00,1.0000000169e-16,0.0000000000e+00,2.2901156250e+04,1.0000000000e+01,2.5675109029e-01
-1.1091641366e+00,0.0000000000e+00,7.1974731982e-02,3.2825842500e-02,9.9999997765e-03,3.1074090576e+02,0.0000000000e+00,0.0000000000e+00,0.0000000000e+00,9.9999998245e-15,1.0000000000e+00,1.0000000169e-16,0.0000000000e+00,2.2901156250e+04,1.0000000000e+01,2.5675109029e-01
-1.1094558081e+00,0.0000000000e+00,7.4487805367e-02,3.3363513649e-02,0.0000000000e+00,3.1068899536e+02,0.0000000000e+00,0.0000000000e+00,0.0000000000e+00,9.9999998245e-15,1.0000000000e+00,1.0000000169e-16,0.0000000000e+00,2.2896919922e+04,1.0000000000e+01,2.5674650073e-01
-1.1094558081e+00,0.0000000000e+00,7.4487805367e-02,3.3363513649e-02,9.9999997765e-03,3.1068899536e+02,0.0000000000e+00,0.0000000000e+00,0.0000000000e+00,9.9999998245e-15,1.0000000000e+00,1.0000000169e-16,0.0000000000e+00,2.2896919922e+04,1.0000000000e+01,2.5674650073e-01
-1.1097938056e+00,0.0000000000e+00,7.7002994716e-02,3.3891215920e-02,0.0000000000e+00,3.1063647461e+02,0.0000000000e+00,0.0000000000e+00,0.0000000000e+00,9.9999998245e-15,1.0000000000e+00,1.0000000169e-16,0.0000000000e+00,2.2892011719e+04,1.0000000000e+01,2.5673484802e-01
-1.1097938056e+00,0.0000000000e+00,7.7002994716e-02,3.3891215920e-02,9.9999997765e-03,3.1063647461e+02,0.0000000000e+00,0.0000000000e+00,0.0000000000e+00,9.9999998245e-15,1.0000000000e+00,1.0000000169e-16,0.0000000000e+00,2.2892011719e+04,1.0000000000e+01,2.5673484802e-01
-1.1101496879e+00,0.0000000000e+00,7.9520180821e-02,3.4409306943e-02,0.0000000000e+00,3.1058383179e+02,0.0000000000e+00,0.0000000000e+00,0.0000000000e+00,9.9999998245e-15,1.0000000000e+00,1.0000000169e-16,0.0000000000e+00,2.2886841797e+04,1.0000000000e+01,2.5672042370e-01
-1.1101496879e+00,0.0000000000e+00,7.9520180821e-02,3.4409306943e-02,9.9999997765e-03,3.1058383179e+02,0.0000000000e+00,0.0000000000e+00,0.0000000000e+00,9.9999998245e-15,1.0000000000e+00,1.0000000169e-16,0.0000000000e+00,2.2886841797e+04,1.0000000000e+01,2.5672042370e-01
-1.1105024101e+00,0.0000000000e+00,8.2039251924e-02,3.4918144345e-02,0.0000000000e+00,3.1053161621e+02,0.0000000000e+00,0.0000000000e+00,0.0000000000e+00,9.9999998245e-15,1.0000000000e+00,1.0000000169e-16,0.0000000000e+00,2.2881718750e+04,1.0000000000e+01,2.5670611858e-01
-1.1105024101e+00,0.0000000000e+00,8.2039251924e-02,3.4918144345e-02,9.9999997765e-03,3.1053161621e+02,0.0000000000e+00,0.0000000000e+00,0.0000000000e+00,9.9999998245e-15,1.0000000000e+00,1.0000000169e-16,0.0000000000e+00,2.2881718750e+04,1.0000000000e+01,2.5670611858e-01
-1.1108562754e+00,0.0000000000e+00,8.4560103714e-02,3.5418074578e-02,0.0000000000e+00,3.1047998047e+02,0.0000000000e+00,0.0000000000e+00,0.0000000000e+00,9.9999998245e-15,1.0000000000e+00,1.0000000169e-16,0.0000000000e+00,2.2876578125e+04,1.0000000000e+01,2.5669115782e-01
-1.1108562754e+00,0.0000000000e+00,8.4560103714e-02,3.5418074578e-02,9.9999997765e-03,3.1047998047e+02,0.0000000000e+00,0.0000000000e+00,0.0000000000e+00,9.9999998245e-15,1.0000000000e+00,1.0000000169e-16,0.0000000000e+00,2.2876578125e+04,1.0000000000e+01,2.5669115782e-01
-1.1112303115e+00,0.0000000000e+00,8.7082646787e-02,3.5909421742e-02,0.0000000000e+00,3.1042916870e+02,0.0000000000e+00,0.0000000000e+00,0.0000000000e+00,9.9999998245e-15,1.0000000000e+00,1.0000000169e-16,0.0000000000e+00,2.2871146484e+04,1.0000000000e+01,2.5667220354e-01
-1.1112303115e+00,0.0000000000e+00,8.7082646787e-02,3.5909421742e-02,9.9999997765e-03,3.1042916870e+02,0.0000000000e+00,0.0000000000e+00,0.0000000000e+00,9.9999998245e-15,1.0000000000e+00,1.0000000169e-16,0.0000000000e+00,2.2871146484e+04,1.0000000000e+01,2.5667220354e-01
-1.1116430759e+00,0.0000000000e+00,8.9606791735e-02,3.6392468959e-02,0.0000000000e+00,3.1037890625e+02,0.0000000000e+00,0.0000000000e+00,0.0000000000e+00,9.9999998245e-15,1.0000000000e+00,1.0000000169e-16,0.0000000000e+00,2.2865152344e+04,1.0000000000e+01,2.5664648414e-01
-1.1116430759e+00,0.0000000000e+00,8.9606791735e-02,3.6392468959e-02,9.9999997765e-03,3.1037890625e+02,0.0000000000e+00,0.0000000000e+00,0.0000000000e+00,9.9999998245e-15,1.0000000000e+00,1.0000000169e-16,0.0000000000e+00,2.2865152344e+04,1.0000000000e+01,2.5664648414e-01
-1.1120865673e+00,0.0000000000e+00,9.2132464051e-02,3.6867447197e-02,0.0000000000e+00,3.1032925415e+02,0.0000000000e+00,0.0000000000e+00,0.0000000000e+00,9.9999998245e-15,1.0000000000e+00,1.0000000169e-16,0.0000000000e+00,2.2858710938e+04,1.0000000000e+01,2.5661525130e-01
-1.1120865673e+00,0.0000000000e+00,9.2132464051e-02,3.6867447197e-02,9.9999997765e-03,3.1032925415e+02,0.0000000000e+00,0.0000000000e+00,0.0000000000e+00,9.9999998245e-15,1.0000000000e+00,1.0000000169e-16,0.0000000000e+00,2.2858710938e+04,1.0000000000e+01,2.5661525130e-01
-1.1125362444e+00,0.0000000000e+00,9.4659604132e-02,3.7334602326e-02,0.0000000000e+00,3.1028076172e+02,0.0000000000e+00,0.0000000000e+00,0.0000000000e+00,9.9999998245e-15,1.0000000000e+00,1.0000000169e-16,0.0000000000e+00,2.2852179688e+04,1.0000000000e+01,2.5658202171e-01
-1.1125362444e+00,0.0000000000e+00,9.4659604132e-02,3.7334602326e-02,9.9999997765e-03,3.1028076172e+02,0.0000000000e+00,0.0000000000e+00,0.0000000000e+00,9.9999998245e-15,1.0000000000e+00,1.0000000169e-16,0.0000000000e+00,2.2852179688e+04,1.0000000000e+01,2.5658202171e-01
-1.1129853836e+00,0.0000000000e+00,9.7188122571e-02,3.7794169039e-02,0.0000000000e+00,3.1023382568e+02,0.0000000000e+00,0.0000000000e+00,0.0000000000e+00,9.9999998245e-15,1.0000000000e+00,1.0000000169e-16,0.0000000000e+00,2.2845656250e+04,1.0000000000e+01,2.5654760003e-01
-1.1129853836e+00,0.0000000000e+00,9.7188122571e-02,3.7794169039e-02,9.9999997765e-03,3.1023382568e+02,0.0000000000e+00,0.0000000000e+00,0.0000000000e+00,9.9999998245e-15,1.0000000000e+00,1.0000000169e-16,0.0000000000e+00,2.2845656250e+04,1.0000000000e+01,2.5654760003e-01
-1.1134392966e+00,0.0000000000e+00,9.9717974663e-02,3.8246378303e-02,0.0000000000e+00,3.1018838501e+02,0.0000000000e+00,0.0000000000e+00,0.0000000000e+00,9.9999998245e-15,1.0000000000e+00,1.0000000169e-16,0.0000000000e+00,2.2839062500e+04,1.0000000000e+01,2.5651115179e-01
-1.1134392966e+00,0.0000000000e+00,9.9717974663e-02,3.8246378303e-02,9.9999997765e-03,3.1018838501e+02,0.0000000000e+00,0.0000000000e+00,0.0000000000e+00,9.9999998245e-15,1.0000000000e+00,1.0000000169e-16,0.0000000000e+00,2.2839062500e+04,1.0000000000e+01,2.5651115179e-01
-1.1138995299e+00,0.0000000000e+00,1.0224909335e-01,3.8691431284e-02,0.0000000000e+00,3.1014447021e+02,0.0000000000e+00,0.0000000000e+00,0.0000000000e+00,9.9999998245e-15,1.0000000000e+00,1.0000000169e-16,0.0000000000e+00,2.2832378906e+04,1.0000000000e+01,2.5647240877e-01
-1.1138995299e+00,0.0000000000e+00,1.0224909335e-01,3.8691431284e-02,9.9999997765e-03,3.1014447021e+02,0.0000000000e+00,0.0000000000e+00,0.0000000000e+00,9.9999998245e-15,1.0000000000e+00,1.0000000169e-16,0.0000000000e+00,2.2832378906e+04,1.0000000000e+01,2.5647240877e-01
-1.1143625198e+00,0.0000000000e+00,1.0478142649e-01,3.9129532874e-02,0.0000000000e+00,3.1010208130e+02,0.0000000000e+00,0.0000000000e+00,0.0000000000e+00,9.9999998245e-15,1.0000000000e+00,1.0000000169e-16,0.0000000000e+00,2.2825652344e+04,1.0000000000e+01,2.5643193722e-01
-1.1143625198e+00,0.0000000000e+00,1.0478142649e-01,3.9129532874e-02,9.9999997765e-03,3.1010208130e+02,0.0000000000e+00,0.0000000000e+00,0.0000000000e+00,9.9999998245e-15,1.0000000000e+00,1.0000000169e-16,0.0000000000e+00,2.2825652344e+04,1.0000000000e+01,2.5643193722e-01
-1.1148249719e+00,0.0000000000e+00,1.0731492192e-01,3.9560861886e-02,0.0000000000e+00,3.1006115723e+02,0.0000000000e+00,0.0000000000e+00,0.0000000000e+00,9.9999998245e-15,1.0000000000e+00,1.0000000169e-16,0.0000000000e+00,2.2818937500e+04,1.0000000000e+01,2.5639027357e-01
-1.1148249719e+00,0.0000000000e+00,1.0731492192e-01,3.9560861886e-02,9.9999997765e-03,3.1006115723e+02,0.0000000000e+00,0.0000000000e+00,0.0000000000e+00,9.9999998245e-15,1.0000000000e+00,1.0000000169e-16,0.0000000000e+00,2.2818937500e+04,1.0000000000e+01,2.5639027357e-01
-1.1152839276e+00,0.0000000000e+00,1.0984952748e-01,3.9985604584e-02,0.0000000000e+00,3.1002166748e+02,0.0000000000e+00,0.0000000000e+00,0.0000000000e+00,9.9999998245e-15,1.0000000000e+00,1.0000000169e-16,0.0000000000e+00,2.2812269531e+04,1.0000000000e+01,2.5634807348e-01
-1.1152839276e+00,0.0000000000e+00,1.0984952748e-01,3.9985604584e-02,9.9999997765e-03,3.1002166748e+02,0.0000000000e+00,0.0000000000e+00,0.0000000000e+00,9.9999998245e-15,1.0000000000e+00,1.0000000169e-16,0.0000000000e+00,2.2812269531e+04,1.0000000000e+01,2.5634807348e-01
-1.1157442953e+00,0.0000000000e+00,1.1238519847e-01,4.0403936058e-02,0.0000000000e+00,3.0998345947e+02,0.0000000000e+00,0.0000000000e+00,0.0000000000e+00,9.9999998245e-15,1.0000000000e+00,1.0000000169e-16,0.0000000000e+00,2.2805583984e+04,1.0000000000e+01,2.5630450249e-01
-1.1157442953e+00,0.0000000000e+00,1.1238519847e-01,4.0403936058e-02,9.9999997765e-03,3.0998345947e+02,0.0000000000e+00,0.0000000000e+00,0.0000000000e+00,9.9999998245e-15,1.0000000000e+00,1.0000000169e-16,0.0000000000e+00,2.2805583984e+04,1.0000000000e+01,2.5630450249e-01
-1.1162203964e+00,0.0000000000e+00,1.1492189020e-01,4.0816031396e-02,0.0000000000e+00,3.0994631958e+02,0.0000000000e+00,0.0000000000e+00,0.0000000000e+00,9.9999998245e-15,1.0000000000e+00,1.0000000169e-16,0.0000000000e+00,2.2798667969e+04,1.0000000000e+01,2.5625750422e-01
-1.1162203964e+00,0.0000000000e+00,1.1492189020e-01,4.0816031396e-02,9.9999997765e-03,3.0994631958e+02,0.0000000000e+00,0.0000000000e+00,0.0000000000e+00,9.9999998245e-15,1.0000000000e+00,1.0000000169e-16,0.0000000000e+00,2.2798667969e+04,1.0000000000e+01,2.5625750422e-01
-1.1167262159e+00,0.0000000000e+00,1.1745956540e-01,4.1222039610e-02,0.0000000000e+00,3.0991003418e+02,0.0000000000e+00,0.0000000000e+00,0.0000000000e+00,9.9999998245e-15,1.0000000000e+00,1.0000000169e-16,0.0000000000e+00,2.2791322266e+04,1.0000000000e+01,2.5620493293e-01
-1.1167262159e+00,0.0000000000e+00,1.1745956540e-01,4.1222039610e-02,9.9999997765e-03,3.0991003418e+02,0.0000000000e+00,0.0000000000e+00,0.0000000000e+00,9.9999998245e-15,1.0000000000e+00,1.0000000169e-16,0.0000000000e+00,2.2791322266e+04,1.0000000000e+01,2.5620493293e-01
-1.1172698895e+00,0.0000000000e+00,1.1999818683e-01,4.1622098535e-02,0.0000000000e+00,3.0987426758e+02,0.0000000000e+00,0.0000000000e+00,0.0000000000e+00,9.9999998245e-15,1.0000000000e+00,1.0000000169e-16,0.0000000000e+00,2.2783425781e+04,1.0000000000e+01,2.5614571571e-01
-1.1172698895e+00,0.0000000000e+00,1.1999818683e-01,4.1622098535e-02,9.9999997765e-03,3.0987426758e+02,0.0000000000e+00,0.0000000000e+00,0.0000000000e+00,9.9999998245e-15,1.0000000000e+00,1.0000000169e-16,0.0000000000e+00,2.2783425781e+04,1.0000000000e+01,2.5614571571e-01
-1.1178407939e+00,0.0000000000e+00,1.2253772467e-01,4.2016308755e-02,0.0000000000e+00,3.0983898926e+02,0.0000000000e+00,0.0000000000e+00,0.0000000000e+00,9.9999998245e-15,1.0000000000e+00,1.0000000169e-16,0.0000000000e+00,2.2775132812e+04,1.0000000000e+01,2.5608167052e-01
-1.1178407939e+00,0.0000000000e+00,1.2253772467e-01,4.2016308755e-02,9.9999997765e-03,3.0983898926e+02,0.0000000000e+00,0.0000000000e+00,0.0000000000e+00,9.9999998245e-15,1.0000000000e+00,1.0000000169e-16,0.0000000000e+00,2.2775132812e+04,1.0000000000e+01,2.5608167052e-01
-1.1184247422e+00,0.0000000000e+00,1.2507814169e-01,4.2404804379e-02,0.0000000000e+00,3.0980444336e+02,0.0000000000e+00,0.0000000000e+00,0.0000000000e+00,9.9999998245e-15,1.0000000000e+00,1.0000000169e-16,0.0000000000e+00,2.2766652344e+04,1.0000000000e+01,2.5601485372e-01
-1.1184247422e+00,0.0000000000e+00,1.2507814169e-01,4.2404804379e-02,9.9999997765e-03,3.0980444336e+02,0.0000000000e+00,0.0000000000e+00,0.0000000000e+00,9.9999998245e-15,1.0000000000e+00,1.0000000169e-16,0.0000000000e+00,2.2766652344e+04,1.0000000000e+01,2.5601485372e-01
-1.1190304750e+00,0.0000000000e+00,1.2761940062e-01,4.2787708342e-02,0.0000000000e+00,3.0977056885e+02,0.0000000000e+00,0.0000000000e+00,0.0000000000e+00,9.9999998245e-15,1.0000000000e+00,1.0000000169e-16,0.0000000000e+00,2.2757855469e+04,1.0000000000e+01,2.5594389439e-01
-1.1190304750e+00,0.0000000000e+00,1.2761940062e-01,4.2787708342e-02,9.9999997765e-03,3.0977056885e+02,0.0000000000e+00,0.0000000000e+00,0.0000000000e+00,9.9999998245e-15,1.0000000000e+00,1.0000000169e-16,0.0000000000e+00,2.2757855469e+04,1.0000000000e+01,2.5594389439e-01
-1.1196691537e+00,0.0000000000e+00,1.3016147912e-01,4.3165136129e-02,0.0000000000e+00,3.0973699951e+02,0.0000000000e+00,0.0000000000e+00,0.0000000000e+00,9.9999998245e-15,1.0000000000e+00,1.0000000169e-16,0.0000000000e+00,2.2748578125e+04,1.0000000000e+01,2.5586733222e-01
-1.1196691537e+00,0.0000000000e+00,1.3016147912e-01,4.3165136129e-02,9.9999997765e-03,3.0973699951e+02,0.0000000000e+00,0.0000000000e+00,0.0000000000e+00,9.9999998245e-15,1.0000000000e+00,1.0000000169e-16,0.0000000000e+00,2.2748578125e+04,1.0000000000e+01,2.5586733222e-01
-1.1203356683e+00,0.0000000000e+00,1.3270436227e-01,4.3537177145e-02,0.0000000000e+00,3.0970373535e+02,0.0000000000e+00,0.0000000000e+00,0.0000000000e+00,9.9999998245e-15,1.0000000000e+00,1.0000000169e-16,0.0000000000e+00,2.2738898438e+04,1.0000000000e+01,2.5578591228e-01
-1.1203356683e+00,0.0000000000e+00,1.3270436227e-01,4.3537177145e-02,9.9999997765e-03,3.0970373535e+02,0.0000000000e+00,0.0000000000e+00,0.0000000000e+00,9.9999998245e-15,1.0000000000e+00,1.0000000169e-16,0.0000000000e+00,2.2738898438e+04,1.0000000000e+01,2.5578591228e-01
-1.1210288757e+00,0.0000000000e+00,1.3524800539e-01,4.3903946877e-02,0.0000000000e+00,3.0967095947e+02,0.0000000000e+00,0.0000000000e+00,0.0000000000e+00,9.9999998245e-15,1.0000000000e+00,1.0000000169e-16,0.0000000000e+00,2.2728828125e+04,1.0000000000e+01,2.5569972396e-01
-1.1210288757e+00,0.0000000000e+00,1.3524800539e-01,4.3903946877e-02,9.9999997765e-03,3.0967095947e+02,0.0000000000e+00,0.0000000000e+00,0.0000000000e+00,9.9999998245e-15,1.0000000000e+00,1.0000000169e-16,0.0000000000e+00,2.2728828125e+04,1.0000000000e+01,2.5569972396e-01
-1.1217554323e+00,0.0000000000e+00,1.3779239357e-01,4.4265527278e-02,0.0000000000e+00,3.0963839722e+02,0.0000000000e+00,0.0000000000e+00,0.0000000000e+00,9.9999998245e-15,1.0000000000e+00,1.0000000169e-16,0.0000000000e+00,2.2718277344e+04,1.0000000000e+01,2.5560787320e-01
-1.1217554323e+00,0.0000000000e+00,1.3779239357e-01,4.4265527278e-02,9.9999997765e-03,3.0963839722e+02,0.0000000000e+00,0.0000000000e+00,0.0000000000e+00,9.9999998245e-15,1.0000000000e+00,1.0000000169e-16,0.0000000000e+00,2.2718277344e+04,1.0000000000e+01,2.5560787320e-01
-1.1225093542e+00,0.0000000000e+00,1.4033749700e-01,4.4622000307e-02,0.0000000000e+00,3.0960607910e+02,0.0000000000e+00,0.0000000000e+00,0.0000000000e+00,9.9999998245e-15,1.0000000000e+00,1.0000000169e-16,0.0000000000e+00,2.2707326172e+04,1.0000000000e+01,2.5551134348e-01
-1.1225093542e+00,0.0000000000e+00,1.4033749700e-01,4.4622000307e-02,9.9999997765e-03,3.0960607910e+02,0.0000000000e+00,0.0000000000e+00,0.0000000000e+00,9.9999998245e-15,1.0000000000e+00,1.0000000169e-16,0.0000000000e+00,2.2707326172e+04,1.0000000000e+01,2.5551134348e-01
-1.1232835815e+00,0.0000000000e+00,1.4288330078e-01,4.4973455369e-02,0.0000000000e+00,3.0957415771e+02,0.0000000000e+00,0.0000000000e+00,0.0000000000e+00,9.9999998245e-15,1.0000000000e+00,1.0000000169e-16,0.0000000000e+00,2.2696082031e+04,1.0000000000e+01,2.5541114807e-01
-1.1232835815e+00,0.0000000000e+00,1.4288330078e-01,4.4973455369e-02,9.9999997765e-03,3.0957415771e+02,0.0000000000e+00,0.0000000000e+00,0.0000000000e+00,9.9999998245e-15,1.0000000000e+00,1.0000000169e-16,0.0000000000e+00,2.2696082031e+04,1.0000000000e+01,2.5541114807e-01
-1.1240794589e+00,0.0000000000e+00,1.4542977512e-01,4.5319970697e-02,0.0000000000e+00,3.0954254150e+02,0.0000000000e+00,0.0000000000e+00,0.0000000000e+00,9.9999998245e-15,1.0000000000e+00,1.0000000169e-16,0.0000000000e+00,2.2684521484e+04,1.0000000000e+01,2.5530710816e-01
-1.1240794589e+00,0.0000000000e+00,1.4542977512e-01,4.5319970697e-02,9.9999997765e-03,3.0954254150e+02,0.0000000000e+00,0.0000000000e+00,0.0000000000e+00,9.9999998245e-15,1.0000000000e+00,1.0000000169e-16,0.0000000000e+00,2.2684521484e+04,1.0000000000e+01,2.5530710816e-01
-1.1249013569e+00,0.0000000000e+00,1.4797692001e-01,4.5661631972e-02,0.0000000000e+00,3.0951116943e+02,0.0000000000e+00,0.0000000000e+00,0.0000000000e+00,9.9999998245e-15,1.0000000000e+00,1.0000000169e-16,0.0000000000e+00,2.2672583984e+04,1.0000000000e+01,2.5519865751e-01
-1.1249013569e+00,0.0000000000e+00,1.4797692001e-01,4.5661631972e-02,9.9999997765e-03,3.0951116943e+02,0.0000000000e+00,0.0000000000e+00,0.0000000000e+00,9.9999998245e-15,1.0000000000e+00,1.0000000169e-16,0.0000000000e+00,2.2672583984e+04,1.0000000000e+01,2.5519865751e-01
-1.1257535784e+00,0.0000000000e+00,1.5052469075e-01,4.5998513699e-02,0.0000000000e+00,3.0948007202e+02,0.0000000000e+00,0.0000000000e+00,0.0000000000e+00,9.9999998245e-15,1.0000000000e+00,1.0000000169e-16,0.0000000000e+00,2.2660207031e+04,1.0000000000e+01,2.5508496165e-01
-1.1257535784e+00,0.0000000000e+00,1.5052469075e-01,4.5998513699e-02,9.9999997765e-03,3.0948007202e+02,0.0000000000e+00,0.0000000000e+00,0.0000000000e+00,9.9999998245e-15,1.0000000000e+00,1.0000000169e-16,0.0000000000e+00,2.2660207031e+04,1.0000000000e+01,2.5508496165e-01
-1.1266427127e+00,0.0000000000e+00,1.5307307243e-01,4.6330690384e-02,0.0000000000e+00,3.0944909668e+02,0.0000000000e+00,0.0000000000e+00,0.0000000000e+00,9.9999998245e-15,1.0000000000e+00,1.0000000169e-16,0.0000000000e+00,2.2647292969e+04,1.0000000000e+01,2.5496512651e-01
-1.1266427127e+00,0.0000000000e+00,1.5307307243e-01,4.6330690384e-02,9.9999997765e-03,3.0944909668e+02,0.0000000000e+00,0.0000000000e+00,0.0000000000e+00,9.9999998245e-15,1.0000000000e+00,1.0000000169e-16,0.0000000000e+00,2.2647292969e+04,1.0000000000e+01,2.5496512651e-01
-1.1275623724e+00,0.0000000000e+00,1.5562206507e-01,4.6658203006e-02,0.0000000000e+00,3.0941821289e+02,0.0000000000e+00,0.0000000000e+00,0.0000000000e+00,9.9999998245e-15,1.0000000000e+00,1.0000000169e-16,0.0000000000e+00,2.2633933594e+04,1.0000000000e+01,2.5484019518e-01
-1.1275623724e+00,0.0000000000e+00,1.5562206507e-01,4.6658203006e-02,9.9999997765e-03,3.0941821289e+02,0.0000000000e+00,0.0000000000e+00,0.0000000000e+00,9.9999998245e-15,1.0000000000e+00,1.0000000169e-16,0.0000000000e+00,2.2633933594e+04,1.0000000000e+01,2.5484019518e-01
-1.1284991101e+00,0.0000000000e+00,1.5817165375e-01,4.6981122345e-02,0.0000000000e+00,3.0938763428e+02,0.0000000000e+00,0.0000000000e+00,0.0000000000e+00,9.9999998245e-15,1.0000000000e+00,1.0000000169e-16,0.0000000000e+00,2.2620328125e+04,1.0000000000e+01,2.5471213460e-01
-1.1284991101e+00,0.0000000000e+00,1.5817165375e-01,4.6981122345e-02,9.9999997765e-03,3.0938763428e+02,0.0000000000e+00,0.0000000000e+00,0.0000000000e+00,9.9999998245e-15,1.0000000000e+00,1.0000000169e-16,0.0000000000e+00,2.2620328125e+04,1.0000000000e+01,2.5471213460e-01
-1.1294509087e+00,0.0000000000e+00,1.6072180867e-01,4.7299508005e-02,0.0000000000e+00,3.0935745239e+02,0.0000000000e+00,0.0000000000e+00,0.0000000000e+00,9.9999998245e-15,1.0000000000e+00,1.0000000169e-16,0.0000000000e+00,2.2606503906e+04,1.0000000000e+01,2.5458133221e-01
-1.1294509087e+00,0.0000000000e+00,1.6072180867e-01,4.7299508005e-02,9.9999997765e-03,3.0935745239e+02,0.0000000000e+00,0.0000000000e+00,0.0000000000e+00,9.9999998245e-15,1.0000000000e+00,1.0000000169e-16,0.0000000000e+00,2.2606503906e+04,1.0000000000e+01,2.5458133221e-01
-1.1304123222e+00,0.0000000000e+00,1.6327250004e-01,4.7613419592e-02,0.0000000000e+00,3.0932757568e+02,0.0000000000e+00,0.0000000000e+00,0.0000000000e+00,9.9999998245e-15,1.0000000000e+00,1.0000000169e-16,0.0000000000e+00,2.2592541016e+04,1.0000000000e+01,2.5444862247e-01
-1.1304123222e+00,0.0000000000e+00,1.6327250004e-01,4.7613419592e-02,9.9999997765e-03,3.0932757568e+02,0.0000000000e+00,0.0000000000e+00,0.0000000000e+00,9.9999998245e-15,1.0000000000e+00,1.0000000169e-16,0.0000000000e+00,2.2592541016e+04,1.0000000000e+01,2.5444862247e-01
-1.1313693653e+00,0.0000000000e+00,1.6582375765e-01,4.7922916710e-02,0.0000000000e+00,3.0929809570e+02,0.0000000000e+00,0.0000000000e+00,0.0000000000e+00,9.9999998245e-15,1.0000000000e+00,1.0000000169e-16,0.0000000000e+00,2.2578640625e+04,1.0000000000e+01,2.5431632996e-01
-1.1313693653e+00,0.0000000000e+00,1.6582375765e-01,4.7922916710e-02,9.9999997765e-03,3.0929809570e+02,0.0000000000e+00,0.0000000000e+00,0.0000000000e+00,9.9999998245e-15,1.0000000000e+00,1.0000000169e-16,0.0000000000e+00,2.2578640625e+04,1.0000000000e+01,2.5431632996e-01
-1.1323059685e+00,0.0000000000e+00,1.6837552190e-01,4.8228058964e-02,0.0000000000e+00,3.0926928711e+02,0.0000000000e+00,0.0000000000e+00,0.0000000000e+00,9.9999998245e-15,1.0000000000e+00,1.0000000169e-16,0.0000000000e+00,2.2565037109e+04,1.0000000000e+01,2.5418680906e-01
-1.1323059685e+00,0.0000000000e+00,1.6837552190e-01,4.8228058964e-02,9.9999997765e-03,3.0926928711e+02,0.0000000000e+00,0.0000000000e+00,0.0000000000e+00,9.9999998245e-15,1.0000000000e+00,1.0000000169e-16,0.0000000000e+00,2.2565037109e+04,1.0000000000e+01,2.5418680906e-01
-1.1332232749e+00,0.0000000000e+00,1.7092779279e-01,4.8528932035e-02,0.0000000000e+00,3.0924108887e+02,0.0000000000e+00,0.0000000000e+00,0.0000000000e+00,9.9999998245e-15,1.0000000000e+00,1.0000000169e-16,0.0000000000e+00,2.2551714844e+04,1.0000000000e+01,2.5405988097e-01
-1.1332232749e+00,0.0000000000e+00,1.7092779279e-01,4.8528932035e-02,9.9999997765e-03,3.0924108887e+02,0.0000000000e+00,0.0000000000e+00,0.0000000000e+00,9.9999998245e-15,1.0000000000e+00,1.0000000169e-16,0.0000000000e+00,2.2551714844e+04,1.0000000000e+01,2.5405988097e-01
-1.1341242428e+00,0.0000000000e+00,1.7348057032e-01,4.8825606704e-02,0.0000000000e+00,3.0921337891e+02,0.0000000000e+00,0.0000000000e+00,0.0000000000e+00,9.9999998245e-15,1.0000000000e+00,1.0000000169e-16,0.0000000000e+00,2.2538628906e+04,1.0000000000e+01,2.5393521786e-01
-1.1341242428e+00,0.0000000000e+00,1.7348057032e-01,4.8825606704e-02,9.9999997765e-03,3.0921337891e+02,0.0000000000e+00,0.0000000000e+00,0.0000000000e+00,9.9999998245e-15,1.0000000000e+00,1.0000000169e-16,0.0000000000e+00,2.2538628906e+04,1.0000000000e+01,2.5393521786e-01
-1.1350025521e+00,0.0000000000e+00,1.7603380978e-01,4.9118142575e-02,0.0000000000e+00,3.0918624878e+02,0.0000000000e+00,0.0000000000e+00,0.0000000000e+00,9.9999998245e-15,1.0000000000e+00,1.0000000169e-16,0.0000000000e+00,2.2525871094e+04,1.0000000000e+01,2.5381374359e-01
-1.1350025521e+00,0.0000000000e+00,1.7603380978e-01,4.9118142575e-02,9.9999997765e-03,3.0918624878e+02,0.0000000000e+00,0.0000000000e+00,0.0000000000e+00,9.9999998245e-15,1.0000000000e+00,1.0000000169e-16,0.0000000000e+00,2.2525871094e+04,1.0000000000e+01,2.5381374359e-01
-1.1358582027e+00,0.0000000000e+00,1.7858751118e-01,4.9406617880e-02,0.0000000000e+00,3.0915966797e+02,0.0000000000e+00,0.0000000000e+00,0.0000000000e+00,9.9999998245e-15,1.0000000000e+00,1.0000000169e-16,0.0000000000e+00,2.2513443359e+04,1.0000000000e+01,2.5369551778e-01
-1.1358582027e+00,0.0000000000e+00,1.7858751118e-01,4.9406617880e-02,9.9999997765e-03,3.0915966797e+02,0.0000000000e+00,0.0000000000e+00,0.0000000000e+00,9.9999998245e-15,1.0000000000e+00,1.0000000169e-16,0.0000000000e+00,2.2513443359e+04,1.0000000000e+01,2.5369551778e-01
-1.1366965735e+00,0.0000000000e+00,1.8114167452e-01,4.9691099674e-02,0.0000000000e+00,3.0913360596e+02,0.0000000000e+00,0.0000000000e+00,0.0000000000e+00,9.9999998245e-15,1.0000000000e+00,1.0000000169e-16,0.0000000000e+00,2.2501265625e+04,1.0000000000e+01,2.5357967615e-01
-1.1366965735e+00,0.0000000000e+00,1.8114167452e-01,4.9691099674e-02,9.9999997765e-03,3.0913360596e+02,0.0000000000e+00,0.0000000000e+00,0.0000000000e+00,9.9999998245e-15,1.0000000000e+00,1.0000000169e-16,0.0000000000e+00,2.2501265625e+04,1.0000000000e+01,2.5357967615e-01
-1.1375284224e+00,0.0000000000e+00,1.8369625509e-01,4.9971655011e-02,0.0000000000e+00,3.0910797119e+02,0.0000000000e+00,0.0000000000e+00,0.0000000000e+00,9.9999998245e-15,1.0000000000e+00,1.0000000169e-16,0.0000000000e+00,2.2489183594e+04,1.0000000000e+01,2.5346451998e-01
-1.1375284224e+00,0.0000000000e+00,1.8369625509e-01,4.9971655011e-02,9.9999997765e-03,3.0910797119e+02,0.0000000000e+00,0.0000000000e+00,0.0000000000e+00,9.9999998245e-15,1.0000000000e+00,1.0000000169e-16,0.0000000000e+00,2.2489183594e+04,1.0000000000e+01,2.5346451998e-01
-1.1383704240e+00,0.0000000000e+00,1.8625126779e-01,5.0248358399e-02,0.0000000000e+00,3.0908258057e+02,0.0000000000e+00,0.0000000000e+00,0.0000000000e+00,9.9999998245e-15,1.0000000000e+00,1.0000000169e-16,0.0000000000e+00,2.2476955078e+04,1.0000000000e+01,2.5334751606e-01
-1.1383704240e+00,0.0000000000e+00,1.8625126779e-01,5.0248358399e-02,9.9999997765e-03,3.0908258057e+02,0.0000000000e+00,0.0000000000e+00,0.0000000000e+00,9.9999998245e-15,1.0000000000e+00,1.0000000169e-16,0.0000000000e+00,2.2476955078e+04,1.0000000000e+01,2.5334751606e-01
-1.1392239230e+00,0.0000000000e+00,1.8880668283e-01,5.0521228462e-02,0.0000000000e+00,3.0905731201e+02,0.0000000000e+00,0.0000000000e+00,0.0000000000e+00,9.9999998245e-15,1.0000000000e+00,1.0000000169e-16,0.0000000000e+00,2.2464558594e+04,1.0000000000e+01,2.5322848558e-01
-1.1392239230e+00,0.0000000000e+00,1.8880668283e-01,5.0521228462e-02,9.9999997765e-03,3.0905731201e+02,0.0000000000e+00,0.0000000000e+00,0.0000000000e+00,9.9999998245e-15,1.0000000000e+00,1.0000000169e-16,0.0000000000e+00,2.2464558594e+04,1.0000000000e+01,2.5322848558e-01
-1.1400852887e+00,0.0000000000e+00,1.9136251509e-01,5.0790328532e-02,0.0000000000e+00,3.0903234863e+02,0.0000000000e+00,0.0000000000e+00,0.0000000000e+00,9.9999998245e-15,1.0000000000e+00,1.0000000169e-16,0.0000000000e+00,2.2452046875e+04,1.0000000000e+01,2.5310790539e-01
-1.1400852887e+00,0.0000000000e+00,1.9136251509e-01,5.0790328532e-02,9.9999997765e-03,3.0903234863e+02,0.0000000000e+00,0.0000000000e+00,0.0000000000e+00,9.9999998245e-15,1.0000000000e+00,1.0000000169e-16,0.0000000000e+00,2.2452046875e+04,1.0000000000e+01,2.5310790539e-01
-1.1409586897e+00,0.0000000000e+00,1.9391871989e-01,5.1055695862e-02,0.0000000000e+00,3.0900753784e+02,0.0000000000e+00,0.0000000000e+00,0.0000000000e+00,9.9999998245e-15,1.0000000000e+00,1.0000000169e-16,0.0000000000e+00,2.2439363281e+04,1.0000000000e+01,2.5298517942e-01
-1.1409586897e+00,0.0000000000e+00,1.9391871989e-01,5.1055695862e-02,9.9999997765e-03,3.0900753784e+02,0.0000000000e+00,0.0000000000e+00,0.0000000000e+00,9.9999998245e-15,1.0000000000e+00,1.0000000169e-16,0.0000000000e+00,2.2439363281e+04,1.0000000000e+01,2.5298517942e-01
-1.1418359232e+00,0.0000000000e+00,1.9647531211e-01,5.1317356527e-02,0.0000000000e+00,3.0898300171e+02,0.0000000000e+00,0.0000000000e+00,0.0000000000e+00,9.9999998245e-15,1.0000000000e+00,1.0000000169e-16,0.0000000000e+00,2.2426621094e+04,1.0000000000e+01,2.5286161900e-01
-1.1418359232e+00,0.0000000000e+00,1.9647531211e-01,5.1317356527e-02,9.9999997765e-03,3.0898300171e+02,0.0000000000e+00,0.0000000000e+00,0.0000000000e+00,9.9999998245e-15,1.0000000000e+00,1.0000000169e-16,0.0000000000e+00,2.2426621094e+04,1.0000000000e+01,2.5286161900e-01
-1.1427102655e+00,0.0000000000e+00,1.9903227687e-01,5.1575355232e-02,0.0000000000e+00,3.0895877075e+02,0.0000000000e+00,0.0000000000e+00,0.0000000000e+00,9.9999998245e-15,1.0000000000e+00,1.0000000169e-16,0.0000000000e+00,2.2413921875e+04,1.0000000000e+01,2.5273823738e-01
-1.1427102655e+00,0.0000000000e+00,1.9903227687e-01,5.1575355232e-02,9.9999997765e-03,3.0895877075e+02,0.0000000000e+00,0.0000000000e+00,0.0000000000e+00,9.9999998245e-15,1.0000000000e+00,1.0000000169e-16,0.0000000000e+00,2.2413921875e+04,1.0000000000e+01,2.5273823738e-01
-1.1435804391e+00,0.0000000000e+00,2.0158961415e-01,5.1829732955e-02,0.0000000000e+00,3.0893493652e+02,0.0000000000e+00,0.0000000000e+00,0.0000000000e+00,9.9999998245e-15,1.0000000000e+00,1.0000000169e-16,0.0000000000e+00,2.2401283203e+04,1.0000000000e+01,2.5261521339e-01
-1.1435804391e+00,0.0000000000e+00,2.0158961415e-01,5.1829732955e-02,9.9999997765e-03,3.0893493652e+02,0.0000000000e+00,0.0000000000e+00,0.0000000000e+00,9.9999998245e-15,1.0000000000e+00,1.0000000169e-16,0.0000000000e+00,2.2401283203e+04,1.0000000000e+01,2.5261521339e-01
-1.1444524282e+00,0.0000000000e+00,2.0414729416e-01,5.2080545574e-02,0.0000000000e+00,3.0891140747e+02,0.0000000000e+00,0.0000000000e+00,0.0000000000e+00,9.9999998245e-15,1.0000000000e+00,1.0000000169e-16,0.0000000000e+00,2.2388617188e+04,1.0000000000e+01,2.5249162316e-01
-1.1444524282e+00,0.0000000000e+00,2.0414729416e-01,5.2080545574e-02,9.9999997765e-03,3.0891140747e+02,0.0000000000e+00,0.0000000000e+00,0.0000000000e+00,9.9999998245e-15,1.0000000000e+00,1.0000000169e-16,0.0000000000e+00,2.2388617188e+04,1.0000000000e+01,2.5249162316e-01
-1.1453265688e+00,0.0000000000e+00,2.0670531690e-01,5.2327822894e-02,0.0000000000e+00,3.0888809204e+02,0.0000000000e+00,0.0000000000e+00,0.0000000000e+00,9.9999998245e-15,1.0000000000e+00,1.0000000169e-16,0.0000000000e+00,2.2375921875e+04,1.0000000000e+01,2.5236749649e-01
-1.1453265688e+00,0.0000000000e+00,2.0670531690e-01,5.2327822894e-02,9.9999997765e-03,3.0888809204e+02,0.0000000000e+00,0.0000000000e+00,0.0000000000e+00,9.9999998245e-15,1.0000000000e+00,1.0000000169e-16,0.0000000000e+00,2.2375921875e+04,1.0000000000e+01,2.5236749649e-01
-1.1461938513e+00,0.0000000000e+00,2.0926366746e-01,5.2571594715e-02,0.0000000000e+00,3.0886514282e+02,0.0000000000e+00,0.0000000000e+00,0.0000000000e+00,9.9999998245e-15,1.0000000000e+00,1.0000000169e-16,0.0000000000e+00,2.2363324219e+04,1.0000000000e+01,2.5224414468e-01
-1.1461938513e+00,0.0000000000e+00,2.0926366746e-01,5.2571594715e-02,9.9999997765e-03,3.0886514282e+02,0.0000000000e+00,0.0000000000e+00,0.0000000000e+00,9.9999998245e-15,1.0000000000e+00,1.0000000169e-16,0.0000000000e+00,2.2363324219e+04,1.0000000000e+01,2.5224414468e-01
-1.1470521913e+00,0.0000000000e+00,2.1182236075e-01,5.2811913192e-02,0.0000000000e+00,3.0884262085e+02,0.0000000000e+00,0.0000000000e+00,0.0000000000e+00,9.9999998245e-15,1.0000000000e+00,1.0000000169e-16,0.0000000000e+00,2.2350859375e+04,1.0000000000e+01,2.5212192535e-01
-1.1470521913e+00,0.0000000000e+00,2.1182236075e-01,5.2811913192e-02,9.9999997765e-03,3.0884262085e+02,0.0000000000e+00,0.0000000000e+00,0.0000000000e+00,9.9999998245e-15,1.0000000000e+00,1.0000000169e-16,0.0000000000e+00,2.2350859375e+04,1.0000000000e+01,2.5212192535e-01
-1.1479023285e+00,0.0000000000e+00,2.1438136697e-01,5.3048808128e-02,0.0000000000e+00,3.0882040405e+02,0.0000000000e+00,0.0000000000e+00,0.0000000000e+00,9.9999998245e-15,1.0000000000e+00,1.0000000169e-16,0.0000000000e+00,2.2338511719e+04,1.0000000000e+01,2.5200074911e-01
-1.1479023285e+00,0.0000000000e+00,2.1438136697e-01,5.3048808128e-02,9.9999997765e-03,3.0882040405e+02,0.0000000000e+00,0.0000000000e+00,0.0000000000e+00,9.9999998245e-15,1.0000000000e+00,1.0000000169e-16,0.0000000000e+00,2.2338511719e+04,1.0000000000e+01,2.5200074911e-01
-1.1487407666e+00,0.0000000000e+00,2.1694068611e-01,5.3282320499e-02,0.0000000000e+00,3.0879858398e+02,0.0000000000e+00,0.0000000000e+00,0.0000000000e+00,9.9999998245e-15,1.0000000000e+00,1.0000000169e-16,0.0000000000e+00,2.2326332031e+04,1.0000000000e+01,2.5188118219e-01
-1.1487407666e+00,0.0000000000e+00,2.1694068611e-01,5.3282320499e-02,9.9999997765e-03,3.0879858398e+02,0.0000000000e+00,0.0000000000e+00,0.0000000000e+00,9.9999998245e-15,1.0000000000e+00,1.0000000169e-16,0.0000000000e+00,2.2326332031e+04,1.0000000000e+01,2.5188118219e-01
-1.1495734223e+00,0.0000000000e+00,2.1950030327e-01,5.3512502462e-02,0.0000000000e+00,3.0877713013e+02,0.0000000000e+00,0.0000000000e+00,0.0000000000e+00,9.9999998245e-15,1.0000000000e+00,1.0000000169e-16,0.0000000000e+00,2.2314238281e+04,1.0000000000e+01,2.5176221132e-01
-1.1495734223e+00,0.0000000000e+00,2.1950030327e-01,5.3512502462e-02,9.9999997765e-03,3.0877713013e+02,0.0000000000e+00,0.0000000000e+00,0.0000000000e+00,9.9999998245e-15,1.0000000000e+00,1.0000000169e-16,0.0000000000e+00,2.2314238281e+04,1.0000000000e+01,2.5176221132e-01
-1.1504132051e+00,0.0000000000e+00,2.2206021845e-01,5.3739387542e-02,0.0000000000e+00,3.0875585938e+02,0.0000000000e+00,0.0000000000e+00,0.0000000000e+00,9.9999998245e-15,1.0000000000e+00,1.0000000169e-16,0.0000000000e+00,2.2302042969e+04,1.0000000000e+01,2.5164192915e-01
-1.1504132051e+00,0.0000000000e+00,2.2206021845e-01,5.3739387542e-02,9.9999997765e-03,3.0875585938e+02,0.0000000000e+00,0.0000000000e+00,0.0000000000e+00,9.9999998245e-15,1.0000000000e+00,1.0000000169e-16,0.0000000000e+00,2.2302042969e+04,1.0000000000e+01,2.5164192915e-01
-1.1512640819e+00,0.0000000000e+00,2.2462041676e-01,5.3963009268e-02,0.0000000000e+00,3.0873474121e+02,0.0000000000e+00,0.0000000000e+00,0.0000000000e+00,9.9999998245e-15,1.0000000000e+00,1.0000000169e-16,0.0000000000e+00,2.2289683594e+04,1.0000000000e+01,2.5151968002e-01
-1.1512640819e+00,0.0000000000e+00,2.2462041676e-01,5.3963009268e-02,9.9999997765e-03,3.0873474121e+02,0.0000000000e+00,0.0000000000e+00,0.0000000000e+00,9.9999998245e-15,1.0000000000e+00,1.0000000169e-16,0.0000000000e+00,2.2289683594e+04,1.0000000000e+01,2.5151968002e-01
-1.1521273974e+00,0.0000000000e+00,2.2718089819e-01,5.4183389992e-02,0.0000000000e+00,3.0871374512e+02,0.0000000000e+00,0.0000000000e+00,0.0000000000e+00,9.9999998245e-15,1.0000000000e+00,1.0000000169e-16,0.0000000000e+00,2.2277144531e+04,1.0000000000e+01,2.5139528513e-01
-1.1521273974e+00,0.0000000000e+00,2.2718089819e-01,5.4183389992e-02,9.9999997765e-03,3.0871374512e+02,0.0000000000e+00,0.0000000000e+00,0.0000000000e+00,9.9999998245e-15,1.0000000000e+00,1.0000000169e-16,0.0000000000e+00,2.2277144531e+04,1.0000000000e+01,2.5139528513e-01
-1.1529995882e+00,0.0000000000e+00,2.2974166274e-01,5.4400552064e-02,0.0000000000e+00,3.0869296265e+02,0.0000000000e+00,0.0000000000e+00,0.0000000000e+00,9.9999998245e-15,1.0000000000e+00,1.0000000169e-16,0.0000000000e+00,2.2264476562e+04,1.0000000000e+01,2.5126922131e-01
-1.1529995882e+00,0.0000000000e+00,2.2974166274e-01,5.4400552064e-02,9.9999997765e-03,3.0869296265e+02,0.0000000000e+00,0.0000000000e+00,0.0000000000e+00,9.9999998245e-15,1.0000000000e+00,1.0000000169e-16,0.0000000000e+00,2.2264476562e+04,1.0000000000e+01,2.5126922131e-01
-1.1538881174e+00,0.0000000000e+00,2.3230268061e-01,5.4614529014e-02,0.0000000000e+00,3.0867236328e+02,0.0000000000e+00,0.0000000000e+00,0.0000000000e+00,9.9999998245e-15,1.0000000000e+00,1.0000000169e-16,0.0000000000e+00,2.2251570312e+04,1.0000000000e+01,2.5114035606e-01
-1.1538881174e+00,0.0000000000e+00,2.3230268061e-01,5.4614529014e-02,9.9999997765e-03,3.0867236328e+02,0.0000000000e+00,0.0000000000e+00,0.0000000000e+00,9.9999998245e-15,1.0000000000e+00,1.0000000169e-16,0.0000000000e+00,2.2251570312e+04,1.0000000000e+01,2.5114035606e-01
-1.1547908334e+00,0.0000000000e+00,2.3486396670e-01,5.4825320840e-02,0.0000000000e+00,3.0865173340e+02,0.0000000000e+00,0.0000000000e+00,0.0000000000e+00,9.9999998245e-15,1.0000000000e+00,1.0000000169e-16,0.0000000000e+00,2.2238460938e+04,1.0000000000e+01,2.5100916624e-01
-1.1547908334e+00,0.0000000000e+00,2.3486396670e-01,5.4825320840e-02,9.9999997765e-03,3.0865173340e+02,0.0000000000e+00,0.0000000000e+00,0.0000000000e+00,9.9999998245e-15,1.0000000000e+00,1.0000000169e-16,0.0000000000e+00,2.2238460938e+04,1.0000000000e+01,2.5100916624e-01
-1.1556954321e+00,0.0000000000e+00,2.3742552102e-01,5.5032961071e-02,0.0000000000e+00,3.0863146973e+02,0.0000000000e+00,0.0000000000e+00,0.0000000000e+00,9.9999998245e-15,1.0000000000e+00,1.0000000169e-16,0.0000000000e+00,2.2225320312e+04,1.0000000000e+01,2.5087732077e-01
-1.1556954321e+00,0.0000000000e+00,2.3742552102e-01,5.5032961071e-02,9.9999997765e-03,3.0863146973e+02,0.0000000000e+00,0.0000000000e+00,0.0000000000e+00,9.9999998245e-15,1.0000000000e+00,1.0000000169e-16,0.0000000000e+00,2.2225320312e+04,1.0000000000e+01,2.5087732077e-01
-1.1566074268e+00,0.0000000000e+00,2.3998731375e-01,5.5237468332e-02,0.0000000000e+00,3.0861141968e+02,0.0000000000e+00,0.0000000000e+00,0.0000000000e+00,9.9999998245e-15,1.0000000000e+00,1.0000000169e-16,0.0000000000e+00,2.2212074219e+04,1.0000000000e+01,2.5074410439e-01
-1.1566074268e+00,0.0000000000e+00,2.3998731375e-01,5.5237468332e-02,9.9999997765e-03,3.0861141968e+02,0.0000000000e+00,0.0000000000e+00,0.0000000000e+00,9.9999998245e-15,1.0000000000e+00,1.0000000169e-16,0.0000000000e+00,2.2212074219e+04,1.0000000000e+01,2.5074410439e-01
-1.1575293725e+00,0.0000000000e+00,2.4254935980e-01,5.5438868701e-02,0.0000000000e+00,3.0859152222e+02,0.0000000000e+00,0.0000000000e+00,0.0000000000e+00,9.9999998245e-15,1.0000000000e+00,1.0000000169e-16,0.0000000000e+00,2.2198683594e+04,1.0000000000e+01,2.5060909986e-01
-1.1575293725e+00,0.0000000000e+00,2.4254935980e-01,5.5438868701e-02,9.9999997765e-03,3.0859152222e+02,0.0000000000e+00,0.0000000000e+00,0.0000000000e+00,9.9999998245e-15,1.0000000000e+00,1.0000000169e-16,0.0000000000e+00,2.2198683594e+04,1.0000000000e+01,2.5060909986e-01
-1.1584536715e+00,0.0000000000e+00,2.4511164427e-01,5.5637177080e-02,0.0000000000e+00,3.0857183838e+02,0.0000000000e+00,0.0000000000e+00,0.0000000000e+00,9.9999998245e-15,1.0000000000e+00,1.0000000169e-16,0.0000000000e+00,2.2185259766e+04,1.0000000000e+01,2.5047349930e-01
-1.1584536715e+00,0.0000000000e+00,2.4511164427e-01,5.5637177080e-02,9.9999997765e-03,3.0857183838e+02,0.0000000000e+00,0.0000000000e+00,0.0000000000e+00,9.9999998245e-15,1.0000000000e+00,1.0000000169e-16,0.0000000000e+00,2.2185259766e+04,1.0000000000e+01,2.5047349930e-01
-1.1593749448e+00,0.0000000000e+00,2.4767416716e-01,5.5832412094e-02,0.0000000000e+00,3.0855252075e+02,0.0000000000e+00,0.0000000000e+00,0.0000000000e+00,9.9999998245e-15,1.0000000000e+00,1.0000000169e-16,0.0000000000e+00,2.2171878906e+04,1.0000000000e+01,2.5033810735e-01
-1.1593749448e+00,0.0000000000e+00,2.4767416716e-01,5.5832412094e-02,9.9999997765e-03,3.0855252075e+02,0.0000000000e+00,0.0000000000e+00,0.0000000000e+00,9.9999998245e-15,1.0000000000e+00,1.0000000169e-16,0.0000000000e+00,2.2171878906e+04,1.0000000000e+01,2.5033810735e-01
-1.1602928563e+00,0.0000000000e+00,2.5023692846e-01,5.6024603546e-02,0.0000000000e+00,3.0853347778e+02,0.0000000000e+00,0.0000000000e+00,0.0000000000e+00,9.9999998245e-15,1.0000000000e+00,1.0000000169e-16,0.0000000000e+00,2.2158546875e+04,1.0000000000e+01,2.5020301342e-01
-1.1602928563e+00,0.0000000000e+00,2.5023692846e-01,5.6024603546e-02,9.9999997765e-03,3.0853347778e+02,0.0000000000e+00,0.0000000000e+00,0.0000000000e+00,9.9999998245e-15,1.0000000000e+00,1.0000000169e-16,0.0000000000e+00,2.2158546875e+04,1.0000000000e+01,2.5020301342e-01
-1.1612065319e+00,0.0000000000e+00,2.5279989839e-01,5.6213773787e-02,0.0000000000e+00,3.0851477051e+02,0.0000000000e+00,0.0000000000e+00,0.0000000000e+00,9.9999998245e-15,1.0000000000e+00,1.0000000169e-16,0.0000000000e+00,2.2145277344e+04,1.0000000000e+01,2.5006830692e-01
-1.1612065319e+00,0.0000000000e+00,2.5279989839e-01,5.6213773787e-02,9.9999997765e-03,3.0851477051e+02,0.0000000000e+00,0.0000000000e+00,0.0000000000e+00,9.9999998245e-15,1.0000000000e+00,1.0000000169e-16,0.0000000000e+00,2.2145277344e+04,1.0000000000e+01,2.5006830692e-01
-1.1621189973e+00,0.0000000000e+00,2.5536310673e-01,5.6399952620e-02,0.0000000000e+00,3.0849639893e+02,0.0000000000e+00,0.0000000000e+00,0.0000000000e+00,9.9999998245e-15,1.0000000000e+00,1.0000000169e-16,0.0000000000e+00,2.2132023438e+04,1.0000000000e+01,2.4993354082e-01
-1.1621189973e+00,0.0000000000e+00,2.5536310673e-01,5.6399952620e-02,9.9999997765e-03,3.0849639893e+02,0.0000000000e+00,0.0000000000e+00,0.0000000000e+00,9.9999998245e-15,1.0000000000e+00,1.0000000169e-16,0.0000000000e+00,2.2132023438e+04,1.0000000000e+01,2.4993354082e-01
-1.1630299835e+00,0.0000000000e+00,2.5792649388e-01,5.6583158672e-02,0.0000000000e+00,3.0847821045e+02,0.0000000000e+00,0.0000000000e+00,0.0000000000e+00,9.9999998245e-15,1.0000000000e+00,1.0000000169e-16,0.0000000000e+00,2.2118792969e+04,1.0000000000e+01,2.4979883432e-01
-1.1630299835e+00,0.0000000000e+00,2.5792649388e-01,5.6583158672e-02,9.9999997765e-03,3.0847821045e+02,0.0000000000e+00,0.0000000000e+00,0.0000000000e+00,9.9999998245e-15,1.0000000000e+00,1.0000000169e-16,0.0000000000e+00,2.2118792969e+04,1.0000000000e+01,2.4979883432e-01
-1.1639313548e+00,0.0000000000e+00,2.6049011946e-01,5.6763406843e-02,0.0000000000e+00,3.0846051025e+02,0.0000000000e+00,0.0000000000e+00,0.0000000000e+00,9.9999998245e-15,1.0000000000e+00,1.0000000169e-16,0.0000000000e+00,2.2105699219e+04,1.0000000000e+01,2.4966533482e-01
-1.1639313548e+00,0.0000000000e+00,2.6049011946e-01,5.6763406843e-02,9.9999997765e-03,3.0846051025e+02,0.0000000000e+00,0.0000000000e+00,0.0000000000e+00,9.9999998245e-15,1.0000000000e+00,1.0000000169e-16,0.0000000000e+00,2.2105699219e+04,1.0000000000e+01,2.4966533482e-01
-1.1648266076e+00,0.0000000000e+00,2.6305395365e-01,5.6940738112e-02,0.0000000000e+00,3.0844311523e+02,0.0000000000e+00,0.0000000000e+00,0.0000000000e+00,9.9999998245e-15,1.0000000000e+00,1.0000000169e-16,0.0000000000e+00,2.2092697266e+04,1.0000000000e+01,2.4953255057e-01
-1.1648266076e+00,0.0000000000e+00,2.6305395365e-01,5.6940738112e-02,9.9999997765e-03,3.0844311523e+02,0.0000000000e+00,0.0000000000e+00,0.0000000000e+00,9.9999998245e-15,1.0000000000e+00,1.0000000169e-16,0.0000000000e+00,2.2092697266e+04,1.0000000000e+01,2.4953255057e-01
-1.1657117078e+00,0.0000000000e+00,2.6561796665e-01,5.7115156204e-02,0.0000000000e+00,3.0842602539e+02,0.0000000000e+00,0.0000000000e+00,0.0000000000e+00,9.9999998245e-15,1.0000000000e+00,1.0000000169e-16,0.0000000000e+00,2.2079841797e+04,1.0000000000e+01,2.4940115213e-01
-1.1657117078e+00,0.0000000000e+00,2.6561796665e-01,5.7115156204e-02,9.9999997765e-03,3.0842602539e+02,0.0000000000e+00,0.0000000000e+00,0.0000000000e+00,9.9999998245e-15,1.0000000000e+00,1.0000000169e-16,0.0000000000e+00,2.2079841797e+04,1.0000000000e+01,2.4940115213e-01
-1.1665850415e+00,0.0000000000e+00,2.6818218827e-01,5.7286705822e-02,0.0000000000e+00,3.0840942383e+02,0.0000000000e+00,0.0000000000e+00,0.0000000000e+00,9.9999998245e-15,1.0000000000e+00,1.0000000169e-16,0.0000000000e+00,2.2067156250e+04,1.0000000000e+01,2.4927127361e-01
-1.1665850415e+00,0.0000000000e+00,2.6818218827e-01,5.7286705822e-02,9.9999997765e-03,3.0840942383e+02,0.0000000000e+00,0.0000000000e+00,0.0000000000e+00,9.9999998245e-15,1.0000000000e+00,1.0000000169e-16,0.0000000000e+00,2.2067156250e+04,1.0000000000e+01,2.4927127361e-01
-1.1674535343e+00,0.0000000000e+00,2.7074658871e-01,5.7455401868e-02,0.0000000000e+00,3.0839309692e+02,0.0000000000e+00,0.0000000000e+00,0.0000000000e+00,9.9999998245e-15,1.0000000000e+00,1.0000000169e-16,0.0000000000e+00,2.2054542969e+04,1.0000000000e+01,2.4914199114e-01
-1.1674535343e+00,0.0000000000e+00,2.7074658871e-01,5.7455401868e-02,9.9999997765e-03,3.0839309692e+02,0.0000000000e+00,0.0000000000e+00,0.0000000000e+00,9.9999998245e-15,1.0000000000e+00,1.0000000169e-16,0.0000000000e+00,2.2054542969e+04,1.0000000000e+01,2.4914199114e-01
-1.1683112020e+00,0.0000000000e+00,2.7331119776e-01,5.7621266693e-02,0.0000000000e+00,3.0837719727e+02,0.0000000000e+00,0.0000000000e+00,0.0000000000e+00,9.9999998245e-15,1.0000000000e+00,1.0000000169e-16,0.0000000000e+00,2.2042085938e+04,1.0000000000e+01,2.4901410937e-01
-1.1683112020e+00,0.0000000000e+00,2.7331119776e-01,5.7621266693e-02,9.9999997765e-03,3.0837719727e+02,0.0000000000e+00,0.0000000000e+00,0.0000000000e+00,9.9999998245e-15,1.0000000000e+00,1.0000000169e-16,0.0000000000e+00,2.2042085938e+04,1.0000000000e+01,2.4901410937e-01
-1.1691566998e+00,0.0000000000e+00,2.7587595582e-01,5.7784326375e-02,0.0000000000e+00,3.0836163330e+02,0.0000000000e+00,0.0000000000e+00,0.0000000000e+00,9.9999998245e-15,1.0000000000e+00,1.0000000169e-16,0.0000000000e+00,2.2029804688e+04,1.0000000000e+01,2.4888792634e-01
-1.1691566998e+00,0.0000000000e+00,2.7587595582e-01,5.7784326375e-02,9.9999997765e-03,3.0836163330e+02,0.0000000000e+00,0.0000000000e+00,0.0000000000e+00,9.9999998245e-15,1.0000000000e+00,1.0000000169e-16,0.0000000000e+00,2.2029804688e+04,1.0000000000e+01,2.4888792634e-01
-1.1699884815e+00,0.0000000000e+00,2.7844089270e-01,5.7944599539e-02,0.0000000000e+00,3.0834649658e+02,0.0000000000e+00,0.0000000000e+00,0.0000000000e+00,9.9999998245e-15,1.0000000000e+00,1.0000000169e-16,0.0000000000e+00,2.2017724609e+04,1.0000000000e+01,2.4876363575e-01
-1.1699884815e+00,0.0000000000e+00,2.7844089270e-01,5.7944599539e-02,9.9999997765e-03,3.0834649658e+02,0.0000000000e+00,0.0000000000e+00,0.0000000000e+00,9.9999998245e-15,1.0000000000e+00,1.0000000169e-16,0.0000000000e+00,2.2017724609e+04,1.0000000000e+01,2.4876363575e-01
-1.1708082951e+00,0.0000000000e+00,2.8100600839e-01,5.8102115989e-02,0.0000000000e+00,3.0833166504e+02,0.0000000000e+00,0.0000000000e+00,0.0000000000e+00,9.9999998245e-15,1.0000000000e+00,1.0000000169e-16,0.0000000000e+00,2.2005816406e+04,1.0000000000e+01,2.4864107370e-01
-1.1708082951e+00,0.0000000000e+00,2.8100600839e-01,5.8102115989e-02,9.9999997765e-03,3.0833166504e+02,0.0000000000e+00,0.0000000000e+00,0.0000000000e+00,9.9999998245e-15,1.0000000000e+00,1.0000000169e-16,0.0000000000e+00,2.2005816406e+04,1.0000000000e+01,2.4864107370e-01
-1.1716275035e+00,0.0000000000e+00,2.8357130289e-01,5.8256912977e-02,0.0000000000e+00,3.0831744385e+02,0.0000000000e+00,0.0000000000e+00,0.0000000000e+00,9.9999998245e-15,1.0000000000e+00,1.0000000169e-16,0.0000000000e+00,2.1993917969e+04,1.0000000000e+01,2.4851807952e-01
-1.1716275035e+00,0.0000000000e+00,2.8357130289e-01,5.8256912977e-02,9.9999997765e-03,3.0831744385e+02,0.0000000000e+00,0.0000000000e+00,0.0000000000e+00,9.9999998245e-15,1.0000000000e+00,1.0000000169e-16,0.0000000000e+00,2.1993917969e+04,1.0000000000e+01,2.4851807952e-01
-1.1724664795e+00,0.0000000000e+00,2.8613674641e-01,5.8408997953e-02,0.0000000000e+00,3.0830273438e+02,0.0000000000e+00,0.0000000000e+00,0.0000000000e+00,9.9999998245e-15,1.0000000000e+00,1.0000000169e-16,0.0000000000e+00,2.1981734375e+04,1.0000000000e+01,2.4839223921e-01
-1.1724664795e+00,0.0000000000e+00,2.8613674641e-01,5.8408997953e-02,9.9999997765e-03,3.0830273438e+02,0.0000000000e+00,0.0000000000e+00,0.0000000000e+00,9.9999998245e-15,1.0000000000e+00,1.0000000169e-16,0.0000000000e+00,2.1981734375e+04,1.0000000000e+01,2.4839223921e-01
-1.1733131204e+00,0.0000000000e+00,2.8870233893e-01,5.8558389544e-02,0.0000000000e+00,3.0828930664e+02,0.0000000000e+00,0.0000000000e+00,0.0000000000e+00,9.9999998245e-15,1.0000000000e+00,1.0000000169e-16,0.0000000000e+00,2.1969437500e+04,1.0000000000e+01,2.4826410413e-01
-1.1733131204e+00,0.0000000000e+00,2.8870233893e-01,5.8558389544e-02,9.9999997765e-03,3.0828930664e+02,0.0000000000e+00,0.0000000000e+00,0.0000000000e+00,9.9999998245e-15,1.0000000000e+00,1.0000000169e-16,0.0000000000e+00,2.1969437500e+04,1.0000000000e+01,2.4826410413e-01
-1.1741951277e+00,0.0000000000e+00,2.9126805067e-01,5.8705095202e-02,0.0000000000e+00,3.0827395630e+02,0.0000000000e+00,0.0000000000e+00,0.0000000000e+00,9.9999998245e-15,1.0000000000e+00,1.0000000169e-16,0.0000000000e+00,2.1956625000e+04,1.0000000000e+01,2.4813169241e-01
-1.1741951277e+00,0.0000000000e+00,2.9126805067e-01,5.8705095202e-02,9.9999997765e-03,3.0827395630e+02,0.0000000000e+00,0.0000000000e+00,0.0000000000e+00,9.9999998245e-15,1.0000000000e+00,1.0000000169e-16,0.0000000000e+00,2.1956625000e+04,1.0000000000e+01,2.4813169241e-01
-1.1750566278e+00,0.0000000000e+00,2.9383394122e-01,5.8849088848e-02,0.0000000000e+00,3.0826135254e+02,0.0000000000e+00,0.0000000000e+00,0.0000000000e+00,9.9999998245e-15,1.0000000000e+00,1.0000000169e-16,0.0000000000e+00,2.1944113281e+04,1.0000000000e+01,2.4800044298e-01
-1.1750566278e+00,0.0000000000e+00,2.9383394122e-01,5.8849088848e-02,9.9999997765e-03,3.0826135254e+02,0.0000000000e+00,0.0000000000e+00,0.0000000000e+00,9.9999998245e-15,1.0000000000e+00,1.0000000169e-16,0.0000000000e+00,2.1944113281e+04,1.0000000000e+01,2.4800044298e-01
1.6382272968e-01,0.0000000000e+00,9.9759197235e-01,1.1235000566e-03,0.0000000000e+00,3.0003350830e+02,0.0000000000e+00,0.0000000000e+00,0.0000000000e+00,9.9999998245e-15,1.0000000000e+00,1.0000000169e-16,0.0000000000e+00,4.1390414062e+04,1.0000000000e+01,4.5866680145e-01
1.6382272968e-01,0.0000000000e+00,9.9759197235e-01,1.1235000566e-03,9.9999997765e-03,3.0003350830e+02,0.0000000000e+00,0.0000000000e+00,0.0000000000e+00,9.9999998245e-15,1.0000000000e+00,1.0000000169e-16,0.0000000000e+00,4.1390414062e+04,1.0000000000e+01,4.5866680145e-01
1.5752187098e-01,0.0000000000e+00,9.9759197235e-01,9.2349998886e-04,0.0000000000e+00,2.9912698364e+02,0.0000000000e+00,0.0000000000e+00,0.0000000000e+00,9.9999998245e-15,1.0000000000e+00,1.0000000169e-16,0.0000000000e+00,4.1298898438e+04,1.0000000000e+01,4.5804196596e-01
1.5752187098e-01,0.0000000000e+00,9.9759197235e-01,9.2349998886e-04,9.9999997765e-03,2.9912698364e+02,0.0000000000e+00,0.0000000000e+00,0.0000000000e+00,9.9999998245e-15,1.0000000000e+00,1.0000000169e-16,0.0000000000e+00,4.1298898438e+04,1.0000000000e+01,4.5804196596e-01
1.5473142538e-01,0.0000000000e+00,9.9759197235e-01,7.2349997936e-04,0.0000000000e+00,2.9776275635e+02,0.0000000000e+00,0.0000000000e+00,0.0000000000e+00,9.9999998245e-15,1.0000000000e+00,1.0000000169e-16,0.0000000000e+00,4.1258367188e+04,1.0000000000e+01,4.5790106058e-01
1.5473142538e-01,0.0000000000e+00,9.9759197235e-01,7.2349997936e-04,9.9999997765e-03,2.9776275635e+02,0.0000000000e+00,0.0000000000e+00,0.0000000000e+00,9.9999998245e-15,1.0000000000e+00,1.0000000169e-16,0.0000000000e+00,4.1258367188e+04,1.0000000000e+01,4.5790106058e-01
1.5439322623e-01,0.0000000000e+00,9.9759197235e-01,5.2350002807e-04,0.0000000000e+00,2.9600585938e+02,0.0000000000e+00,0.0000000000e+00,0.0000000000e+00,9.9999998245e-15,1.0000000000e+00,1.0000000169e-16,0.0000000000e+00,4.1253453125e+04,1.0000000000e+01,4.5813626051e-01
1.5439322623e-01,0.0000000000e+00,9.9759197235e-01,5.2350002807e-04,9.9999997765e-03,2.9600585938e+02,0.0000000000e+00,0.0000000000e+00,0.0000000000e+00,9.9999998245e-15,1.0000000000e+00,1.0000000169e-16,0.0000000000e+00,4.1253453125e+04,1.0000000000e+01,4.5813626051e-01
1.5390508987e-01,0.0000000000e+00,9.9759197235e-01,3.2349998946e-04,0.0000000000e+00,2.9378759766e+02,0.0000000000e+00,0.0000000000e+00,0.0000000000e+00,9.9999998245e-15,1.0000000000e+00,1.0000000169e-16,0.0000000000e+00,4.1246367188e+04,1.0000000000e+01,4.5838123560e-01
1.5390508987e-01,0.0000000000e+00,9.9759197235e-01,3.2349998946e-04,9.9999997765e-03,2.9378759766e+02,0.0000000000e+00,0.0000000000e+00,0.0000000000e+00,9.9999998245e-15,1.0000000000e+00,1.0000000169e-16,0.0000000000e+00,4.1246367188e+04,1.0000000000e+01,4.5838123560e-01
1.5406565042e-01,0.0000000000e+00,9.9759197235e-01,1.2349999452e-04,0.0000000000e+00,2.9103436279e+02,0.0000000000e+00,0.0000000000e+00,0.0000000000e+00,9.9999998245e-15,1.0000000000e+00,1.0000000169e-16,0.0000000000e+00,4.1248695312e+04,1.0000000000e+01,4.5875650644e-01
1.5406565042e-01,0.0000000000e+00,9.9759197235e-01,1.2349999452e-04,9.9999997765e-03,2.9103436279e+02,0.0000000000e+00,0.0000000000e+00,0.0000000000e+00,9.9999998245e-15,1.0000000000e+00,1.0000000169e-16,0.0000000000e+00,4.1248695312e+04,1.0000000000e+01,4.5875650644e-01
1.5285176423e-01,0.0000000000e+00,9.9759197235e-01,-7.6500000432e-05,0.0000000000e+00,2.8761779785e+02,0.0000000000e+00,0.0000000000e+00,0.0000000000e+00,9.9999998245e-15,1.0000000000e+00,1.0000000169e-16,0.0000000000e+00,4.1231066406e+04,1.0000000000e+01,4.5897707343e-01
1.5285176423e-01,0.0000000000e+00,9.9759197235e-01,-7.6500000432e-05,9.9999997765e-03,2.8761779785e+02,0.0000000000e+00,0.0000000000e+00,0.0000000000e+00,9.9999998245e-15,1.0000000000e+00,1.0000000169e-16,0.0000000000e+00,4.1231066406e+04,1.0000000000e+01,4.5897707343e-01
1.5234359142e-01,0.0000000000e+00,9.9759197235e-01,-2.7650000993e-04,0.0000000000e+00,2.8345434570e+02,0.0000000000e+00,0.0000000000e+00,0.0000000000e+00,9.9999998245e-15,1.0000000000e+00,1.0000000169e-16,0.0000000000e+00,4.1223687500e+04,1.0000000000e+01,4.5936650038e-01
1.5234359142e-01,0.0000000000e+00,9.9759197235e-01,-2.7650000993e-04,9.9999997765e-03,2.8345434570e+02,0.0000000000e+00,0.0000000000e+00,0.0000000000e+00,9.9999998245e-15,1.0000000000e+00,1.0000000169e-16,0.0000000000e+00,4.1223687500e+04,1.0000000000e+01,4.5936650038e-01
1.4249090199e-01,0.0000000000e+00,9.9759197235e-01,-4.7649999033e-04,0.0000000000e+00,2.8105203247e+02,0.0000000000e+00,0.0000000000e+00,0.0000000000e+00,9.9999998245e-15,1.0000000000e+00,1.0000000169e-16,0.0000000000e+00,4.1080582031e+04,1.0000000000e+01,4.5851862431e-01
1.4249090199e-01,0.0000000000e+00,9.9759197235e-01,-4.7649999033e-04,9.9999997765e-03,2.8105203247e+02,0.0000000000e+00,0.0000000000e+00,0.0000000000e+00,9.9999998245e-15,1.0000000000e+00,1.0000000169e-16,0.0000000000e+00,4.1080582031e+04,1.0000000000e+01,4.5851862431e-01
